EQM1 Código;EQM1;Identificador Elemento Inventario;Código Vía;Vía;PK Inicial;PK Final;Línea Código;Línea Eje;Línea Descripción;Subtipo;Estado Elemento Inventario;Modelo;Fabricante;Descripción Elemento Inventario;Fecha de Servicio;Matrícula;Fecha de fabricación;Observaciones;Fecha de instalación;Identificador Antecesores;Id. Raíz;Tipo Encarriladora;Id. Inventario;Código Trayecto;Trayecto;Trayecto Pk Ini;Trayecto Pk Fin
14116;Vic - VIA;EN-3500-34,7;3500;MONTCADA BIF.-LES FRANQUESES DEL VALLES-VIC, U;34,7;;222;2 ;LA TOUR DE CAROL - BIF. AIGÜES;Sencilla;En Servicio/Mantenible;EN-54;;;;;;EN-U-034,700;;MONTCADA BIF.-LES FRANQUESES DEL VALLES-VIC, U->EN-3500-34,7;100000117;;967648;022220030;LES FRANQUESES DEL VALLES-LA GARRIGA                                                                                            ;31,388;37,677
12111;Huesca - VIA;EN-2510-97,93;2510;HOYA DE HUESCA-JACA, U;97,93;;204;2 ;BIF. CANFRANC - CANFRANC;Sencilla;En Servicio/Mantenible;EN-54;;;05/03/2004;60.995.300;;EN-U-97.930;04/03/2004;HOYA DE HUESCA-JACA, U->EN-2510-97,93;100000078;Tipo Encarriladora - Larga Elástica;100462543;022040040;SANTA MARIA Y LA PEÑA-JACA                                                                                                      ;53,594;110,524
12111;Huesca - VIA;EN-2510-97,99;2510;HOYA DE HUESCA-JACA, U;97,99;;204;2 ;BIF. CANFRANC - CANFRANC;Sencilla;En Servicio/Mantenible;EN-54;;;12/03/2004;60.995.300;;EN-U-97.990;11/03/2004;HOYA DE HUESCA-JACA, U->EN-2510-97,99;100000078;Tipo Encarriladora - Larga Elástica;100462544;022040040;SANTA MARIA Y LA PEÑA-JACA                                                                                                      ;53,594;110,524
12111;Huesca - VIA;EN-2520-20,17;2520;JACA-CANFRANC, U;20,17;;204;2 ;BIF. CANFRANC - CANFRANC;Sencilla;En Servicio/Mantenible;EN-54;;;03/03/2004;;;EN-U-20.170;01/03/2004;JACA-CANFRANC, U->EN-2520-20,17;100000079;Tipo Encarriladora - Larga de Tirafondos;968341;022040050;JACA-CANFRANC                                                                                                                   ;0,31;25,16
12111;Huesca - VIA;EN-2520-21,55;2520;JACA-CANFRANC, U;21,55;;204;2 ;BIF. CANFRANC - CANFRANC;Sencilla;En Servicio/Mantenible;EN-54;;;20/03/2004;;;EN-U-21.550;20/03/2004;JACA-CANFRANC, U->EN-2520-21,55;100000079;Tipo Encarriladora - Larga de Tirafondos;100462564;022040050;JACA-CANFRANC                                                                                                                   ;0,31;25,16
12111;Huesca - VIA;EN-2520-5,213;2520;JACA-CANFRANC, U;5,213;;204;2 ;BIF. CANFRANC - CANFRANC;Sencilla;En Servicio/Mantenible;EN-54;;;;60.995.300;;EN-U-5.213;;JACA-CANFRANC, U->EN-2520-5,213;100000079;;968167;022040050;JACA-CANFRANC                                                                                                                   ;0,31;25,16
12111;Huesca - VIA;EN-2520-5,271;2520;JACA-CANFRANC, U;5,271;;204;2 ;BIF. CANFRANC - CANFRANC;Sencilla;En Servicio/Mantenible;EN-54;;;01/01/2004;;;EN-U-5.271;31/12/2003;JACA-CANFRANC, U->EN-2520-5,271;100000079;;968193;022040050;JACA-CANFRANC                                                                                                                   ;0,31;25,16
12111;Huesca - VIA;EN-2520-5,923;2520;JACA-CANFRANC, U;5,923;;204;2 ;BIF. CANFRANC - CANFRANC;Sencilla;En Servicio/Mantenible;EN-54;;;27/02/2004;60.995.300;;EN-U-05.923;26/02/2004;JACA-CANFRANC, U->EN-2520-5,923;100000079;Tipo Encarriladora - Larga Elástica;100462547;022040050;JACA-CANFRANC                                                                                                                   ;0,31;25,16
12111;Huesca - VIA;EN-2520-6,043;2520;JACA-CANFRANC, U;6,043;;204;2 ;BIF. CANFRANC - CANFRANC;Sencilla;En Servicio/Mantenible;EN-54;;;20/02/2004;60.995.300;;EN-U-06.043;19/02/2004;JACA-CANFRANC, U->EN-2520-6,043;100000079;Tipo Encarriladora - Larga Elástica;100462545;022040050;JACA-CANFRANC                                                                                                                   ;0,31;25,16
12111;Huesca - VIA;EN-2520-6,094;2520;JACA-CANFRANC, U;6,094;;204;2 ;BIF. CANFRANC - CANFRANC;Sencilla;En Servicio/Mantenible;EN-54;;;04/03/2004;60.995.300;;EN-U-06.094;03/03/2004;JACA-CANFRANC, U->EN-2520-6,094;100000079;Tipo Encarriladora - Larga Elástica;100462539;022040050;JACA-CANFRANC                                                                                                                   ;0,31;25,16
12111;Huesca - VIA;EN-2520-6,152;2520;JACA-CANFRANC, U;6,152;;204;2 ;BIF. CANFRANC - CANFRANC;Sencilla;En Servicio/Mantenible;EN-54;;;12/03/2004;60.995.300;;EN-U-06.152;11/03/2004;JACA-CANFRANC, U->EN-2520-6,152;100000079;Tipo Encarriladora - Larga Elástica;100462546;022040050;JACA-CANFRANC                                                                                                                   ;0,31;25,16
12111;Huesca - VIA;EN-2520-6,279;2520;JACA-CANFRANC, U;6,279;;204;2 ;BIF. CANFRANC - CANFRANC;Sencilla;En Servicio/Mantenible;EN-54;;;19/03/2004;60.995.300;;EN-U-06.279;17/03/2004;JACA-CANFRANC, U->EN-2520-6,279;100000079;Tipo Encarriladora - Larga Elástica;967068;022040050;JACA-CANFRANC                                                                                                                   ;0,31;25,16
12111;Huesca - VIA;EN-2520-6,339;2520;JACA-CANFRANC, U;6,339;;204;2 ;BIF. CANFRANC - CANFRANC;Sencilla;En Servicio/Mantenible;EN-54;;;19/03/2004;60.995.300;;EN-U-06.339;18/03/2004;JACA-CANFRANC, U->EN-2520-6,339;100000079;Tipo Encarriladora - Larga Elástica;100462540;022040050;JACA-CANFRANC                                                                                                                   ;0,31;25,16
12111;Huesca - VIA;EN-2520-9,752;2520;JACA-CANFRANC, U;9,752;;204;2 ;BIF. CANFRANC - CANFRANC;Sencilla;En Servicio/Mantenible;EN-54;;;20/03/2003;60.995.300;;EN-U-9.752;20/03/2003;JACA-CANFRANC, U->EN-2520-9,752;100000079;Tipo Encarriladora - Larga Elástica;100462584;022040050;JACA-CANFRANC                                                                                                                   ;0,31;25,16
12111;Huesca - VIA;EN-2520-9,853;2520;JACA-CANFRANC, U;9,853;;204;2 ;BIF. CANFRANC - CANFRANC;Sencilla;En Servicio/Mantenible;EN-54;;;20/03/2003;60.995.300;;EN-U-9.853;19/03/2003;JACA-CANFRANC, U->EN-2520-9,853;100000079;Tipo Encarriladora - Larga Elástica;967067;022040050;JACA-CANFRANC                                                                                                                   ;0,31;25,16
13112;S. Vicenç de Calders - VIA;EN-2900-68,68;2900;PLANA DE PICAMOIXONS-KM 84.896, U;68,68;;230;2 ;PLANA-PICAMOIXON - REUS;Sencilla;En Servicio/Mantenible;EN-54;;Encarriladora 68.680 Plana Picamoixons;;;;EN-U-68.680;;PLANA DE PICAMOIXONS-KM 84.896, U->EN-2900-68,68;100000092;;965970;022300010;LA PLANA-PICAMOIXONS-REUS                                                                                                       ;68,128;84,896
13113;Reus - VIA;EN-2900-68,84;2900;PLANA DE PICAMOIXONS-KM 84.896, U;68,84;;230;2 ;PLANA-PICAMOIXON - REUS;Sencilla;En Servicio/Mantenible;EN-54;;Encarriladora 68.840 Plana Picamoixons;;;;EN-U-68.840;;PLANA DE PICAMOIXONS-KM 84.896, U->EN-2900-68,84;100000092;;965974;022300010;LA PLANA-PICAMOIXONS-REUS                                                                                                       ;68,128;84,896
14116;Vic - VIA;EN-3500-20,87;3500;MONTCADA BIF.-LES FRANQUESES DEL VALLES-VIC, U;20,87;;222;2 ;LA TOUR DE CAROL - BIF. AIGÜES;Sencilla;En Servicio/Mantenible;EN-54;;;;;;EN-U-020,870;;MONTCADA BIF.-LES FRANQUESES DEL VALLES-VIC, U->EN-3500-20,87;100000117;;967644;022220010;MONTCADA-BIFURCACIO-GRANOLLERS-CANOVELLES                                                                                       ;8,943;28,728
14117;Ripoll - VIA;EN-3600-91,76;3600;VIC-RIPOLL, U;91,76;;222;2 ;LA TOUR DE CAROL - BIF. AIGÜES;Sencilla;En Servicio/Mantenible;EN-54;;;;;;EN-U-091,760;;VIC-RIPOLL, U->EN-3600-91,76;100000118;;967679;022220050;VIC-LA FARGA DE BEBIE (APD)                                                                                                     ;68,667;96,956
14117;Ripoll - VIA;EN-3600-91,84;3600;VIC-RIPOLL, U;91,84;;222;2 ;LA TOUR DE CAROL - BIF. AIGÜES;Sencilla;En Servicio/Mantenible;EN-54;;;;;;EN-U-091,840;;VIC-RIPOLL, U->EN-3600-91,84;100000118;;967680;022220050;VIC-LA FARGA DE BEBIE (APD)                                                                                                     ;68,667;96,956
14117;Ripoll - VIA;EN-3600-97,15;3600;VIC-RIPOLL, U;97,15;;222;2 ;LA TOUR DE CAROL - BIF. AIGÜES;Sencilla;En Servicio/Mantenible;EN-54;;;;;;EN-U-097,150;;VIC-RIPOLL, U->EN-3600-97,15;100000118;;967683;022220060;LA FARGA DE BEBIE-RIPOLL                                                                                                        ;96,956;105,586
14117;Ripoll - VIA;EN-3600-97,39;3600;VIC-RIPOLL, U;97,39;;222;2 ;LA TOUR DE CAROL - BIF. AIGÜES;Sencilla;En Servicio/Mantenible;EN-54;;;;;;EN-U-097.390;;VIC-RIPOLL, U->EN-3600-97,39;100000118;;967685;022220060;LA FARGA DE BEBIE-RIPOLL                                                                                                        ;96,956;105,586
14117;Ripoll - VIA;EN-3610-3,764;3610;RIPOLL-LA TOUR DE CAROL, U;3,764;;222;2 ;LA TOUR DE CAROL - BIF. AIGÜES;Sencilla;En Servicio/Mantenible;EN-54;;;;;;EN-U-003,764;;RIPOLL-LA TOUR DE CAROL, U->EN-3610-3,764;100000119;;967686;022220070;RIPOLL-RIBES DE FRESER                                                                                                          ;0,;13,45
14117;Ripoll - VIA;EN-3610-3,786;3610;RIPOLL-LA TOUR DE CAROL, U;3,786;;222;2 ;LA TOUR DE CAROL - BIF. AIGÜES;Sencilla;En Servicio/Mantenible;EN-54;;;;;;EN-U-003,786;;RIPOLL-LA TOUR DE CAROL, U->EN-3610-3,786;100000119;;967687;022220070;RIPOLL-RIBES DE FRESER                                                                                                          ;0,;13,45
13116;Borges Blanques- VIA;EN-200030-61,9;200030;LERIDA-LA PLANA PICAMOIXONS, U;61,9;;200;2 ;MADRID-CHAMARTIN-CLARA CAMPOAMOR-BARNA-EST. DE FRANÇA;Sencilla;En Servicio/Mantenible;EN-54;;Encarriladora 61.900 Montblanc Vilaverd;;;;EN-U-61.900;;LERIDA-LA PLANA PICAMOIXONS, U->EN-200030-61,9;100007257;;965985;022000440;VINAIXA-LA PLANA-PICAMOIXONS                                                                                                    ;40,429;66,002
13116;Borges Blanques- VIA;EN-200030-62,8;200030;LERIDA-LA PLANA PICAMOIXONS, U;62,8;;200;2 ;MADRID-CHAMARTIN-CLARA CAMPOAMOR-BARNA-EST. DE FRANÇA;Sencilla;En Servicio/Mantenible;EN-54;;Encarriladora 62.800 Montblanc Vilaverd;;;;EN-U-62.800;;LERIDA-LA PLANA PICAMOIXONS, U->EN-200030-62,8;100007257;;966130;022000440;VINAIXA-LA PLANA-PICAMOIXONS                                                                                                    ;40,429;66,002
12123;Alagon-VIA;EN-2200-43,938;2200;CASETAS-CASTEJON DE EBRO, I;43,938;;700;1 ;INT. ABANDO IND. PRIETO-CASETAS;Sencilla;En Servicio/Mantenible;EN-54;;;;;;EN-I-43.938;;CASETAS-CASTEJON DE EBRO, I->EN-2200-43,938;100000064;;967070;017000020;CABAÑAS DE EBRO-CORTES DE NAVARRA                                                                                               ;29,901;53,4
12123;Alagon-VIA;EN-2200-44,017;2200;CASETAS-CASTEJON DE EBRO, I;44,017;;700;1 ;INT. ABANDO IND. PRIETO-CASETAS;Sencilla;En Servicio/Mantenible;EN-54;;;;;;EN-I- 44,017;;CASETAS-CASTEJON DE EBRO, I->EN-2200-44,017;100000064;;967086;017000020;CABAÑAS DE EBRO-CORTES DE NAVARRA                                                                                               ;29,901;53,4
12123;Alagon-VIA;EN-2210-43,938;2210;CASETAS-CASTEJON DE EBRO, II;43,938;;700;1 ;INT. ABANDO IND. PRIETO-CASETAS;Sencilla;En Servicio/Mantenible;EN-54;;;;;;EN -II- 43,938;;CASETAS-CASTEJON DE EBRO, II->EN-2210-43,938;100000065;;967090;017000020;CABAÑAS DE EBRO-CORTES DE NAVARRA                                                                                               ;29,901;53,4
12123;Alagon-VIA;EN-2210-44,008;2210;CASETAS-CASTEJON DE EBRO, II;44,008;;700;1 ;INT. ABANDO IND. PRIETO-CASETAS;Sencilla;En Servicio/Mantenible;EN-54;;;;;;EN -II- 44,008;;CASETAS-CASTEJON DE EBRO, II->EN-2210-44,008;100000065;;967091;017000020;CABAÑAS DE EBRO-CORTES DE NAVARRA                                                                                               ;29,901;53,4
12106;Zaragoza - VIA;EN-2300-12,129;2300;CAMINREAL-BIF. TERUEL, U;12,129;;610;2 ;BIF. TERUEL - SAGUNT;Sencilla;En Servicio/Mantenible;EN-54;;;;;;EN-U-12.129;;CAMINREAL-BIF. TERUEL, U->EN-2300-12,129;100000067;Tipo Encarriladora - Otras;100462502;026100060;NAVARRETE-CAMINREAL-FUENTES CLARAS                                                                                              ;0,;13,06
12106;Zaragoza - VIA;EN-2300-12,203;2300;CAMINREAL-BIF. TERUEL, U;12,203;;610;2 ;BIF. TERUEL - SAGUNT;Sencilla;En Servicio/Mantenible;EN-54;;;;;;EN-U-12.203;;CAMINREAL-BIF. TERUEL, U->EN-2300-12,203;100000067;Tipo Encarriladora - Otras;100462503;026100060;NAVARRETE-CAMINREAL-FUENTES CLARAS                                                                                              ;0,;13,06
12111;Huesca - VIA;EN-2510-14,904;2510;HOYA DE HUESCA-JACA, U;14,904;;204;2 ;BIF. CANFRANC - CANFRANC;Sencilla;En Servicio/Mantenible;EN-54;;;05/02/2004;60.995.300;;EN-U-14.904;05/02/2004;HOYA DE HUESCA-JACA, U->EN-2510-14,904;100000078;Tipo Encarriladora - Larga Elástica;100462481;022040020;HOYA DE HUESCA-AGUJA KM. 2,3-AYERBE                                                                                             ;0,8;34,96
12111;Huesca - VIA;EN-2510-14,988;2510;HOYA DE HUESCA-JACA, U;14,988;;204;2 ;BIF. CANFRANC - CANFRANC;Sencilla;En Servicio/Mantenible;EN-54;;;12/02/2004;60.995.300;;EN-U-14.988.;12/02/2004;HOYA DE HUESCA-JACA, U->EN-2510-14,988;100000078;Tipo Encarriladora - Larga Elástica;100462536;022040020;HOYA DE HUESCA-AGUJA KM. 2,3-AYERBE                                                                                             ;0,8;34,96
12111;Huesca - VIA;EN-2510-53,071;2510;HOYA DE HUESCA-JACA, U;53,071;;204;2 ;BIF. CANFRANC - CANFRANC;Sencilla;En Servicio/Mantenible;EN-54;;;01/01/1911;;;"Encarriladoras no homologadas 
* Longitud palastro exterior (plano encarriladora)3,50m
* Longitud entre punta contracarriles hasta fin de palastro 5,75m. EN-U-53.062";01/01/1911;HOYA DE HUESCA-JACA, U->EN-2510-53,071;100000078;;966272;022040030;AYERBE-SANTA MARIA Y LA PEÑA                                                                                                    ;34,96;53,594
12111;Huesca - VIA;EN-2510-53,251;2510;HOYA DE HUESCA-JACA, U;53,251;;204;2 ;BIF. CANFRANC - CANFRANC;Sencilla;En Servicio/Mantenible;EN-54;;;;;;"Encarriladoras no homologadas 
* Longitud palastro exterior (plano encarriladora)3,50m
* Longitud entre punta contracarriles hasta fin de palastro 6.30m. EN-U-53.260";;HOYA DE HUESCA-JACA, U->EN-2510-53,251;100000078;;966273;022040030;AYERBE-SANTA MARIA Y LA PEÑA                                                                                                    ;34,96;53,594
12111;Huesca - VIA;EN-2510-56,428;2510;HOYA DE HUESCA-JACA, U;56,428;;204;2 ;BIF. CANFRANC - CANFRANC;Sencilla;En Servicio/Mantenible;EN-54;;;;;;EN-U-56.435;;HOYA DE HUESCA-JACA, U->EN-2510-56,428;100000078;;966274;022040040;SANTA MARIA Y LA PEÑA-JACA                                                                                                      ;53,594;110,524
12111;Huesca - VIA;EN-2510-56,491;2510;HOYA DE HUESCA-JACA, U;56,491;;204;2 ;BIF. CANFRANC - CANFRANC;Sencilla;En Servicio/Mantenible;EN-54;;;;;;EN-U-56506. EN-U-56.506;;HOYA DE HUESCA-JACA, U->EN-2510-56,491;100000078;;966275;022040040;SANTA MARIA Y LA PEÑA-JACA                                                                                                      ;53,594;110,524
12111;Huesca - VIA;EN-2510-71,743;2510;HOYA DE HUESCA-JACA, U;71,743;;204;2 ;BIF. CANFRANC - CANFRANC;Sencilla;En Servicio/Mantenible;EN-54;;;20/02/2004;60.995.300;;EN-U-71.743.;19/02/2004;HOYA DE HUESCA-JACA, U->EN-2510-71,743;100000078;Tipo Encarriladora - Larga Elástica;100462541;022040040;SANTA MARIA Y LA PEÑA-JACA                                                                                                      ;53,594;110,524
12111;Huesca - VIA;EN-2510-71,818;2510;HOYA DE HUESCA-JACA, U;71,818;;204;2 ;BIF. CANFRANC - CANFRANC;Sencilla;En Servicio/Mantenible;EN-54;;;27/02/2004;60.995.300;;EN-U-71.818.;26/02/2004;HOYA DE HUESCA-JACA, U->EN-2510-71,818;100000078;Tipo Encarriladora - Larga Elástica;100462542;022040040;SANTA MARIA Y LA PEÑA-JACA                                                                                                      ;53,594;110,524
12111;Huesca - VIA;EN-2510-73,366;2510;HOYA DE HUESCA-JACA, U;73,366;;204;2 ;BIF. CANFRANC - CANFRANC;Sencilla;En Servicio/Mantenible;EN-54;;;;;;EN-U-73.336 ;;HOYA DE HUESCA-JACA, U->EN-2510-73,366;100000078;;966276;022040040;SANTA MARIA Y LA PEÑA-JACA                                                                                                      ;53,594;110,524
12111;Huesca - VIA;EN-2510-73,483;2510;HOYA DE HUESCA-JACA, U;73,483;;204;2 ;BIF. CANFRANC - CANFRANC;Sencilla;En Servicio/Mantenible;EN-54;;;;;;EN-U-73.500;;HOYA DE HUESCA-JACA, U->EN-2510-73,483;100000078;;966277;022040040;SANTA MARIA Y LA PEÑA-JACA                                                                                                      ;53,594;110,524
12111;Huesca - VIA;EN-2510-89,012;2510;HOYA DE HUESCA-JACA, U;89,012;;204;2 ;BIF. CANFRANC - CANFRANC;Sencilla;En Servicio/Mantenible;EN-54;;;;;;EN-U-88.992;;HOYA DE HUESCA-JACA, U->EN-2510-89,012;100000078;;966278;022040040;SANTA MARIA Y LA PEÑA-JACA                                                                                                      ;53,594;110,524
12111;Huesca - VIA;EN-2510-89,044;2510;HOYA DE HUESCA-JACA, U;89,044;;204;2 ;BIF. CANFRANC - CANFRANC;Sencilla;En Servicio/Mantenible;EN-54;;;;;;EN-U-89.060;;HOYA DE HUESCA-JACA, U->EN-2510-89,044;100000078;;966279;022040040;SANTA MARIA Y LA PEÑA-JACA                                                                                                      ;53,594;110,524
12111;Huesca - VIA;EN-2520-16,643;2520;JACA-CANFRANC, U;16,643;;204;2 ;BIF. CANFRANC - CANFRANC;Sencilla;En Servicio/Mantenible;EN-54;;;29/03/2004;60.995.300;;EN-U-16.643.;28/03/2004;JACA-CANFRANC, U->EN-2520-16,643;100000079;Tipo Encarriladora - Larga Elástica;100462548;022040050;JACA-CANFRANC                                                                                                                   ;0,31;25,16
12111;Huesca - VIA;EN-2520-16,732;2520;JACA-CANFRANC, U;16,732;;204;2 ;BIF. CANFRANC - CANFRANC;Sencilla;En Servicio/Mantenible;EN-54;;;02/04/2004;60.995.300;;EN-U-16.732;01/04/2004;JACA-CANFRANC, U->EN-2520-16,732;100000079;Tipo Encarriladora - Larga Elástica;100462549;022040050;JACA-CANFRANC                                                                                                                   ;0,31;25,16
12111;Huesca - VIA;EN-2520-20,107;2520;JACA-CANFRANC, U;20,107;;204;2 ;BIF. CANFRANC - CANFRANC;Sencilla;En Servicio/Mantenible;EN-54;;;03/03/2004;;;EN-U-20.107;02/03/2004;JACA-CANFRANC, U->EN-2520-20,107;100000079;Tipo Encarriladora - Larga de Tirafondos;100462538;022040050;JACA-CANFRANC                                                                                                                   ;0,31;25,16
12111;Huesca - VIA;EN-2520-21,641;2520;JACA-CANFRANC, U;21,641;;204;2 ;BIF. CANFRANC - CANFRANC;Sencilla;En Servicio/Mantenible;EN-54;;;26/03/2004;;;EN-U-21.641;25/03/2004;JACA-CANFRANC, U->EN-2520-21,641;100000079;Tipo Encarriladora - Larga de Tirafondos;100462565;022040050;JACA-CANFRANC                                                                                                                   ;0,31;25,16
14113;Martorell - VIA;EN-3100-65,318;3100;S. VICENTE CALDERS-CASTELLBISBAL-L'HOSPITALET DE LLOB, I;65,318;;240;2 ;S.VICENÇ CALDERS - L HOSPITALET DE LLOBREGAT;Sencilla;En Servicio/Mantenible;EN-54;;;;;;EN-1-065,318;;S. VICENTE CALDERS-CASTELLBISBAL-L'HOSPITALET DE LLOB, I->EN-3100-65,318;100000095;;967333;022400040;SANT SADURNI D ANOIA-AGUJA KM. 70,477                                                                                           ;60,057;70,477
14113;Martorell - VIA;EN-3100-65,424;3100;S. VICENTE CALDERS-CASTELLBISBAL-L'HOSPITALET DE LLOB, I;65,424;;240;2 ;S.VICENÇ CALDERS - L HOSPITALET DE LLOBREGAT;Sencilla;En Servicio/Mantenible;EN-54;;;;;;EN-1-065,424;;S. VICENTE CALDERS-CASTELLBISBAL-L'HOSPITALET DE LLOB, I->EN-3100-65,424;100000095;;967334;022400040;SANT SADURNI D ANOIA-AGUJA KM. 70,477                                                                                           ;60,057;70,477
14113;Martorell - VIA;EN-3100-67,342;3100;S. VICENTE CALDERS-CASTELLBISBAL-L'HOSPITALET DE LLOB, I;67,342;;240;2 ;S.VICENÇ CALDERS - L HOSPITALET DE LLOBREGAT;Sencilla;En Servicio/Mantenible;EN-54;;;;;;EN-1-067,342;;S. VICENTE CALDERS-CASTELLBISBAL-L'HOSPITALET DE LLOB, I->EN-3100-67,342;100000095;;967343;022400040;SANT SADURNI D ANOIA-AGUJA KM. 70,477                                                                                           ;60,057;70,477
14113;Martorell - VIA;EN-3100-67,466;3100;S. VICENTE CALDERS-CASTELLBISBAL-L'HOSPITALET DE LLOB, I;67,466;;240;2 ;S.VICENÇ CALDERS - L HOSPITALET DE LLOBREGAT;Sencilla;En Servicio/Mantenible;EN-54;;;;;;EN-1-067,466;;S. VICENTE CALDERS-CASTELLBISBAL-L'HOSPITALET DE LLOB, I->EN-3100-67,466;100000095;;967344;022400040;SANT SADURNI D ANOIA-AGUJA KM. 70,477                                                                                           ;60,057;70,477
14113;Martorell - VIA;EN-3110-65,318;3110;S. VICENTE CALDERS-CASTELLBISBAL-L'HOSPITALET DE LLOB, II;65,318;;240;2 ;S.VICENÇ CALDERS - L HOSPITALET DE LLOBREGAT;Sencilla;En Servicio/Mantenible;EN-54;;;;;;EN-2-065,318;;S. VICENTE CALDERS-CASTELLBISBAL-L'HOSPITALET DE LLOB, II->EN-3110-65,318;100000096;;967330;022400040;SANT SADURNI D ANOIA-AGUJA KM. 70,477                                                                                           ;60,057;70,477
14113;Martorell - VIA;EN-3110-65,424;3110;S. VICENTE CALDERS-CASTELLBISBAL-L'HOSPITALET DE LLOB, II;65,424;;240;2 ;S.VICENÇ CALDERS - L HOSPITALET DE LLOBREGAT;Sencilla;En Servicio/Mantenible;EN-54;;;;;;EN-2-065,424;;S. VICENTE CALDERS-CASTELLBISBAL-L'HOSPITALET DE LLOB, II->EN-3110-65,424;100000096;;967331;022400040;SANT SADURNI D ANOIA-AGUJA KM. 70,477                                                                                           ;60,057;70,477
14113;Martorell - VIA;EN-3110-65,803;3110;S. VICENTE CALDERS-CASTELLBISBAL-L'HOSPITALET DE LLOB, II;65,803;;240;2 ;S.VICENÇ CALDERS - L HOSPITALET DE LLOBREGAT;Sencilla;En Servicio/Mantenible;EN-54;;;;;;EN-2-065,803;;S. VICENTE CALDERS-CASTELLBISBAL-L'HOSPITALET DE LLOB, II->EN-3110-65,803;100000096;;967335;022400040;SANT SADURNI D ANOIA-AGUJA KM. 70,477                                                                                           ;60,057;70,477
14113;Martorell - VIA;EN-3110-65,907;3110;S. VICENTE CALDERS-CASTELLBISBAL-L'HOSPITALET DE LLOB, II;65,907;;240;2 ;S.VICENÇ CALDERS - L HOSPITALET DE LLOBREGAT;Sencilla;En Servicio/Mantenible;EN-54;;;;;;EN-2-065,907;;S. VICENTE CALDERS-CASTELLBISBAL-L'HOSPITALET DE LLOB, II->EN-3110-65,907;100000096;;967336;022400040;SANT SADURNI D ANOIA-AGUJA KM. 70,477                                                                                           ;60,057;70,477
14113;Martorell - VIA;EN-3110-67,342;3110;S. VICENTE CALDERS-CASTELLBISBAL-L'HOSPITALET DE LLOB, II;67,342;;240;2 ;S.VICENÇ CALDERS - L HOSPITALET DE LLOBREGAT;Sencilla;En Servicio/Mantenible;EN-54;;;;;;EN-2-067,342;;S. VICENTE CALDERS-CASTELLBISBAL-L'HOSPITALET DE LLOB, II->EN-3110-67,342;100000096;;967341;022400040;SANT SADURNI D ANOIA-AGUJA KM. 70,477                                                                                           ;60,057;70,477
14113;Martorell - VIA;EN-3110-67,466;3110;S. VICENTE CALDERS-CASTELLBISBAL-L'HOSPITALET DE LLOB, II;67,466;;240;2 ;S.VICENÇ CALDERS - L HOSPITALET DE LLOBREGAT;Sencilla;En Servicio/Mantenible;EN-54;;;;;;EN-2-067,466;;S. VICENTE CALDERS-CASTELLBISBAL-L'HOSPITALET DE LLOB, II->EN-3110-67,466;100000096;;967342;022400040;SANT SADURNI D ANOIA-AGUJA KM. 70,477                                                                                           ;60,057;70,477
14111;L Hospitalet - VIA;EN-3190-23,294;3190;AG 11 CASTELLBISBAL AGUJAS LLOBREGAT- BARCELONA MORROT, I, (ANCHO MIXTO);23,294;;238;2 ;CASTELLBISBAL-AGUJAS LLOBREGAT - BARCELONA-MORROT;Mixta;En Servicio/Mantenible;;;;;;;EN-1-023,332;;AG 11 CASTELLBISBAL AGUJAS LLOBREGAT- BARCELONA MORROT, I, (ANCHO MIXTO)->EN-3190-23,294;100000104;;967698;022380030;BARCELONA-CAN TUNIS-BARCELONA-MORROT                                                                                            ;20,5;25,735
14111;L Hospitalet - VIA;EN-3190-23,332;3190;AG 11 CASTELLBISBAL AGUJAS LLOBREGAT- BARCELONA MORROT, I, (ANCHO MIXTO);23,332;;238;2 ;CASTELLBISBAL-AGUJAS LLOBREGAT - BARCELONA-MORROT;Mixta;En Servicio/Mantenible;;;;;;;EN-1-023,332;;AG 11 CASTELLBISBAL AGUJAS LLOBREGAT- BARCELONA MORROT, I, (ANCHO MIXTO)->EN-3190-23,332;100000104;;1141782;022380030;BARCELONA-CAN TUNIS-BARCELONA-MORROT                                                                                            ;20,5;25,735
14111;L Hospitalet - VIA;EN-3193-23,294;3193;BARCELONA CUN TUNIS-BARCELONA MORROT, II;23,294;;238;2 ;CASTELLBISBAL-AGUJAS LLOBREGAT - BARCELONA-MORROT;Sencilla;En Servicio/Mantenible;EN-54;;;;;;EN-2-023,294;;BARCELONA CUN TUNIS-BARCELONA MORROT, II->EN-3193-23,294;100000107;;967701;022380030;BARCELONA-CAN TUNIS-BARCELONA-MORROT                                                                                            ;22,815;24,619
14111;L Hospitalet - VIA;EN-3193-23,332;3193;BARCELONA CUN TUNIS-BARCELONA MORROT, II;23,332;;238;2 ;CASTELLBISBAL-AGUJAS LLOBREGAT - BARCELONA-MORROT;Sencilla;En Servicio/Mantenible;EN-54;;;;;;EN-2-023,332;;AG. 19 CASTELLBISBAL AGUJAS LLOBREGAT - BARCELONA CUN TUNIS, II, (ANCHO MIXTO)->EN-3193-23,332;100000105;;967704;022380030;BARCELONA-CAN TUNIS-BARCELONA-MORROT                                                                                            ;22,815;24,619
14116;Vic - VIA;EN-3500-10,867;3500;MONTCADA BIF.-LES FRANQUESES DEL VALLES-VIC, U;10,867;;222;2 ;LA TOUR DE CAROL - BIF. AIGÜES;Sencilla;En Servicio/Mantenible;EN-54;;;;;;EN-U-010,867;;MONTCADA BIF.-LES FRANQUESES DEL VALLES-VIC, U->EN-3500-10,867;100000117;;967633;022220010;MONTCADA-BIFURCACIO-GRANOLLERS-CANOVELLES                                                                                       ;8,943;28,728
14116;Vic - VIA;EN-3500-10,931;3500;MONTCADA BIF.-LES FRANQUESES DEL VALLES-VIC, U;10,931;;222;2 ;LA TOUR DE CAROL - BIF. AIGÜES;Sencilla;En Servicio/Mantenible;EN-54;;;;;;EN-U-010,931;;MONTCADA BIF.-LES FRANQUESES DEL VALLES-VIC, U->EN-3500-10,931;100000117;;967635;022220010;MONTCADA-BIFURCACIO-GRANOLLERS-CANOVELLES                                                                                       ;8,943;28,728
14116;Vic - VIA;EN-3500-11,183;3500;MONTCADA BIF.-LES FRANQUESES DEL VALLES-VIC, U;11,183;;222;2 ;LA TOUR DE CAROL - BIF. AIGÜES;Sencilla;En Servicio/Mantenible;EN-54;;;;;;EN-U-011,183;;MONTCADA BIF.-LES FRANQUESES DEL VALLES-VIC, U->EN-3500-11,183;100000117;;967638;022220010;MONTCADA-BIFURCACIO-GRANOLLERS-CANOVELLES                                                                                       ;8,943;28,728
14116;Vic - VIA;EN-3500-11,287;3500;MONTCADA BIF.-LES FRANQUESES DEL VALLES-VIC, U;11,287;;222;2 ;LA TOUR DE CAROL - BIF. AIGÜES;Sencilla;En Servicio/Mantenible;EN-54;;;;;;EN-U-011,287;;MONTCADA BIF.-LES FRANQUESES DEL VALLES-VIC, U->EN-3500-11,287;100000117;;967639;022220010;MONTCADA-BIFURCACIO-GRANOLLERS-CANOVELLES                                                                                       ;8,943;28,728
14116;Vic - VIA;EN-3500-14,324;3500;MONTCADA BIF.-LES FRANQUESES DEL VALLES-VIC, U;14,324;;222;2 ;LA TOUR DE CAROL - BIF. AIGÜES;Sencilla;En Servicio/Mantenible;EN-54;;;;;;EN-U-014,324;;MONTCADA BIF.-LES FRANQUESES DEL VALLES-VIC, U->EN-3500-14,324;100000117;;967640;022220010;MONTCADA-BIFURCACIO-GRANOLLERS-CANOVELLES                                                                                       ;8,943;28,728
14116;Vic - VIA;EN-3500-14,356;3500;MONTCADA BIF.-LES FRANQUESES DEL VALLES-VIC, U;14,356;;222;2 ;LA TOUR DE CAROL - BIF. AIGÜES;Sencilla;En Servicio/Mantenible;EN-54;;;;;;EN-U-014,356;;MONTCADA BIF.-LES FRANQUESES DEL VALLES-VIC, U->EN-3500-14,356;100000117;;967641;022220010;MONTCADA-BIFURCACIO-GRANOLLERS-CANOVELLES                                                                                       ;8,943;28,728
14116;Vic - VIA;EN-3500-15,538;3500;MONTCADA BIF.-LES FRANQUESES DEL VALLES-VIC, U;15,538;;222;2 ;LA TOUR DE CAROL - BIF. AIGÜES;Sencilla;En Servicio/Mantenible;EN-54;;;;;;EN-U-015,538;;MONTCADA BIF.-LES FRANQUESES DEL VALLES-VIC, U->EN-3500-15,538;100000117;;967642;022220010;MONTCADA-BIFURCACIO-GRANOLLERS-CANOVELLES                                                                                       ;8,943;28,728
14116;Vic - VIA;EN-3500-15,616;3500;MONTCADA BIF.-LES FRANQUESES DEL VALLES-VIC, U;15,616;;222;2 ;LA TOUR DE CAROL - BIF. AIGÜES;Sencilla;En Servicio/Mantenible;EN-54;;;;;;EN-U-015,616;;MONTCADA BIF.-LES FRANQUESES DEL VALLES-VIC, U->EN-3500-15,616;100000117;;967643;022220010;MONTCADA-BIFURCACIO-GRANOLLERS-CANOVELLES                                                                                       ;8,943;28,728
14116;Vic - VIA;EN-3500-21,004;3500;MONTCADA BIF.-LES FRANQUESES DEL VALLES-VIC, U;21,004;;222;2 ;LA TOUR DE CAROL - BIF. AIGÜES;Sencilla;En Servicio/Mantenible;EN-54;;;;;;EN-U-021,004;;MONTCADA BIF.-LES FRANQUESES DEL VALLES-VIC, U->EN-3500-21,004;100000117;;967645;022220010;MONTCADA-BIFURCACIO-GRANOLLERS-CANOVELLES                                                                                       ;8,943;28,728
14116;Vic - VIA;EN-3500-30,105;3500;MONTCADA BIF.-LES FRANQUESES DEL VALLES-VIC, U;30,105;;222;2 ;LA TOUR DE CAROL - BIF. AIGÜES;Sencilla;En Servicio/Mantenible;EN-54;;;;;;EN-U-030,105;;MONTCADA BIF.-LES FRANQUESES DEL VALLES-VIC, U->EN-3500-30,105;100000117;;967646;022220020;GRANOLLERS-CANOVELLES-LES FRANQUESES DEL VALLES                                                                                 ;28,728;31,388
14116;Vic - VIA;EN-3500-30,312;3500;MONTCADA BIF.-LES FRANQUESES DEL VALLES-VIC, U;30,312;;222;2 ;LA TOUR DE CAROL - BIF. AIGÜES;Sencilla;En Servicio/Mantenible;EN-54;;;;;;EN-U-030.312;;MONTCADA BIF.-LES FRANQUESES DEL VALLES-VIC, U->EN-3500-30,312;100000117;;967647;022220020;GRANOLLERS-CANOVELLES-LES FRANQUESES DEL VALLES                                                                                 ;28,728;31,388
14116;Vic - VIA;EN-3500-34,712;3500;MONTCADA BIF.-LES FRANQUESES DEL VALLES-VIC, U;34,712;;222;2 ;LA TOUR DE CAROL - BIF. AIGÜES;Sencilla;En Servicio/Mantenible;EN-54;;;;;;EN-U-034,712;;MONTCADA BIF.-LES FRANQUESES DEL VALLES-VIC, U->EN-3500-34,712;100000117;;967649;022220030;LES FRANQUESES DEL VALLES-LA GARRIGA                                                                                            ;31,388;37,677
14116;Vic - VIA;EN-3500-39,762;3500;MONTCADA BIF.-LES FRANQUESES DEL VALLES-VIC, U;39,762;;222;2 ;LA TOUR DE CAROL - BIF. AIGÜES;Sencilla;En Servicio/Mantenible;EN-54;;;;;;EN-U-039,762;;MONTCADA BIF.-LES FRANQUESES DEL VALLES-VIC, U->EN-3500-39,762;100000117;;967650;022220040;LA GARRIGA-VIC                                                                                                                  ;37,677;68,667
14116;Vic - VIA;EN-3500-39,916;3500;MONTCADA BIF.-LES FRANQUESES DEL VALLES-VIC, U;39,916;;222;2 ;LA TOUR DE CAROL - BIF. AIGÜES;Sencilla;En Servicio/Mantenible;EN-54;;;;;;EN-U-039,916;;MONTCADA BIF.-LES FRANQUESES DEL VALLES-VIC, U->EN-3500-39,916;100000117;;967651;022220040;LA GARRIGA-VIC                                                                                                                  ;37,677;68,667
14116;Vic - VIA;EN-3500-41,183;3500;MONTCADA BIF.-LES FRANQUESES DEL VALLES-VIC, U;41,183;;222;2 ;LA TOUR DE CAROL - BIF. AIGÜES;Sencilla;En Servicio/Mantenible;EN-54;;;;;;EN-U-041,183;;MONTCADA BIF.-LES FRANQUESES DEL VALLES-VIC, U->EN-3500-41,183;100000117;;967652;022220040;LA GARRIGA-VIC                                                                                                                  ;37,677;68,667
14116;Vic - VIA;EN-3500-41,219;3500;MONTCADA BIF.-LES FRANQUESES DEL VALLES-VIC, U;41,219;;222;2 ;LA TOUR DE CAROL - BIF. AIGÜES;Sencilla;En Servicio/Mantenible;EN-54;;;;;;EN-U-041,219;;MONTCADA BIF.-LES FRANQUESES DEL VALLES-VIC, U->EN-3500-41,219;100000117;;967653;022220040;LA GARRIGA-VIC                                                                                                                  ;37,677;68,667
14116;Vic - VIA;EN-3500-41,562;3500;MONTCADA BIF.-LES FRANQUESES DEL VALLES-VIC, U;41,562;;222;2 ;LA TOUR DE CAROL - BIF. AIGÜES;Sencilla;En Servicio/Mantenible;EN-54;;;;;;EN-U-041,562;;MONTCADA BIF.-LES FRANQUESES DEL VALLES-VIC, U->EN-3500-41,562;100000117;;967656;022220040;LA GARRIGA-VIC                                                                                                                  ;37,677;68,667
14116;Vic - VIA;EN-3500-41,671;3500;MONTCADA BIF.-LES FRANQUESES DEL VALLES-VIC, U;41,671;;222;2 ;LA TOUR DE CAROL - BIF. AIGÜES;Sencilla;En Servicio/Mantenible;EN-54;;;;;;EN-U-041,671;;MONTCADA BIF.-LES FRANQUESES DEL VALLES-VIC, U->EN-3500-41,671;100000117;;967658;022220040;LA GARRIGA-VIC                                                                                                                  ;37,677;68,667
14116;Vic - VIA;EN-3500-50,995;3500;MONTCADA BIF.-LES FRANQUESES DEL VALLES-VIC, U;50,995;;222;2 ;LA TOUR DE CAROL - BIF. AIGÜES;Sencilla;En Servicio/Mantenible;EN-54;;;;;;EN-U-050,995;;MONTCADA BIF.-LES FRANQUESES DEL VALLES-VIC, U->EN-3500-50,995;100000117;;967663;022220040;LA GARRIGA-VIC                                                                                                                  ;37,677;68,667
14116;Vic - VIA;EN-3500-51,022;3500;MONTCADA BIF.-LES FRANQUESES DEL VALLES-VIC, U;51,022;;222;2 ;LA TOUR DE CAROL - BIF. AIGÜES;Sencilla;En Servicio/Mantenible;EN-54;;;;;;EN-U-051,022;;MONTCADA BIF.-LES FRANQUESES DEL VALLES-VIC, U->EN-3500-51,022;100000117;;967665;022220040;LA GARRIGA-VIC                                                                                                                  ;37,677;68,667
14116;Vic - VIA;EN-3500-64,739;3500;MONTCADA BIF.-LES FRANQUESES DEL VALLES-VIC, U;64,739;;222;2 ;LA TOUR DE CAROL - BIF. AIGÜES;Sencilla;En Servicio/Mantenible;EN-54;;;;;;EN-U-064,739;;MONTCADA BIF.-LES FRANQUESES DEL VALLES-VIC, U->EN-3500-64,739;100000117;;967668;022220040;LA GARRIGA-VIC                                                                                                                  ;37,677;68,667
14116;Vic - VIA;EN-3500-64,761;3500;MONTCADA BIF.-LES FRANQUESES DEL VALLES-VIC, U;64,761;;222;2 ;LA TOUR DE CAROL - BIF. AIGÜES;Sencilla;En Servicio/Mantenible;EN-54;;;;;;EN-U-064,761;;MONTCADA BIF.-LES FRANQUESES DEL VALLES-VIC, U->EN-3500-64,761;100000117;;967669;022220040;LA GARRIGA-VIC                                                                                                                  ;37,677;68,667
14116;Vic - VIA;EN-3600-76,977;3600;VIC-RIPOLL, U;76,977;;222;2 ;LA TOUR DE CAROL - BIF. AIGÜES;Sencilla;En Servicio/Mantenible;EN-54;;;;;;EN-U-076.977;;VIC-RIPOLL, U->EN-3600-76,977;100000118;;967677;022220050;VIC-LA FARGA DE BEBIE (APD)                                                                                                     ;68,667;96,956
14116;Vic - VIA;EN-3600-77,127;3600;VIC-RIPOLL, U;77,127;;222;2 ;LA TOUR DE CAROL - BIF. AIGÜES;Sencilla;En Servicio/Mantenible;EN-54;;;;;;EN-U-077,127;;VIC-RIPOLL, U->EN-3600-77,127;100000118;;967678;022220050;VIC-LA FARGA DE BEBIE (APD)                                                                                                     ;68,667;96,956
14117;Ripoll - VIA;EN-3600-92,493;3600;VIC-RIPOLL, U;92,493;;222;2 ;LA TOUR DE CAROL - BIF. AIGÜES;Sencilla;En Servicio/Mantenible;EN-54;;;;;;EN-U-092,493;;VIC-RIPOLL, U->EN-3600-92,493;100000118;;967681;022220050;VIC-LA FARGA DE BEBIE (APD)                                                                                                     ;68,667;96,956
14117;Ripoll - VIA;EN-3600-92,619;3600;VIC-RIPOLL, U;92,619;;222;2 ;LA TOUR DE CAROL - BIF. AIGÜES;Sencilla;En Servicio/Mantenible;EN-54;;;;;;EN-U-092,619;;VIC-RIPOLL, U->EN-3600-92,619;100000118;;967682;022220050;VIC-LA FARGA DE BEBIE (APD)                                                                                                     ;68,667;96,956
14117;Ripoll - VIA;EN-3610-11,034;3610;RIPOLL-LA TOUR DE CAROL, U;11,034;;222;2 ;LA TOUR DE CAROL - BIF. AIGÜES;Sencilla;En Servicio/Mantenible;EN-54;;;;;;EN-U-011,034;;RIPOLL-LA TOUR DE CAROL, U->EN-3610-11,034;100000119;;967688;022220070;RIPOLL-RIBES DE FRESER                                                                                                          ;0,;13,45
14117;Ripoll - VIA;EN-3610-11,048;3610;RIPOLL-LA TOUR DE CAROL, U;11,048;;222;2 ;LA TOUR DE CAROL - BIF. AIGÜES;Sencilla;En Servicio/Mantenible;EN-54;;;;;;EN-U-011,048;;RIPOLL-LA TOUR DE CAROL, U->EN-3610-11,048;100000119;;967689;022220070;RIPOLL-RIBES DE FRESER                                                                                                          ;0,;13,45
14117;Ripoll - VIA;EN-3610-17,307;3610;RIPOLL-LA TOUR DE CAROL, U;17,307;;222;2 ;LA TOUR DE CAROL - BIF. AIGÜES;Sencilla;En Servicio/Mantenible;EN-54;;;;;;EN-U-017,307;;RIPOLL-LA TOUR DE CAROL, U->EN-3610-17,307;100000119;;967690;022220080;RIBES DE FRESER-PLANOLES                                                                                                        ;13,45;20,21
14117;Ripoll - VIA;EN-3610-17,329;3610;RIPOLL-LA TOUR DE CAROL, U;17,329;;222;2 ;LA TOUR DE CAROL - BIF. AIGÜES;Sencilla;En Servicio/Mantenible;EN-54;;;;;;EN-U-017.329;;RIPOLL-LA TOUR DE CAROL, U->EN-3610-17,329;100000119;;967691;022220080;RIBES DE FRESER-PLANOLES                                                                                                        ;13,45;20,21
14117;Ripoll - VIA;EN-3610-17,978;3610;RIPOLL-LA TOUR DE CAROL, U;17,978;;222;2 ;LA TOUR DE CAROL - BIF. AIGÜES;Sencilla;En Servicio/Mantenible;EN-54;;;;;;EN-U-017.978;;RIPOLL-LA TOUR DE CAROL, U->EN-3610-17,978;100000119;;967692;022220080;RIBES DE FRESER-PLANOLES                                                                                                        ;13,45;20,21
14117;Ripoll - VIA;EN-3610-18,024;3610;RIPOLL-LA TOUR DE CAROL, U;18,024;;222;2 ;LA TOUR DE CAROL - BIF. AIGÜES;Sencilla;En Servicio/Mantenible;EN-54;;;;;;EN-U-018,024;;RIPOLL-LA TOUR DE CAROL, U->EN-3610-18,024;100000119;;967693;022220080;RIBES DE FRESER-PLANOLES                                                                                                        ;13,45;20,21
13116;Borges Blanques- VIA;EN-200030-61,97;200030;LERIDA-LA PLANA PICAMOIXONS, U;61,97;;200;2 ;MADRID-CHAMARTIN-CLARA CAMPOAMOR-BARNA-EST. DE FRANÇA;Sencilla;En Servicio/Mantenible;EN-54;;Encarriladora 61.970 Montblanc Vilaverd;;;;EN-U-61.970;;LERIDA-LA PLANA PICAMOIXONS, U->EN-200030-61,97;100007257;;965991;022000440;VINAIXA-LA PLANA-PICAMOIXONS                                                                                                    ;40,429;66,002
13116;Borges Blanques- VIA;EN-200030-62,72;200030;LERIDA-LA PLANA PICAMOIXONS, U;62,72;;200;2 ;MADRID-CHAMARTIN-CLARA CAMPOAMOR-BARNA-EST. DE FRANÇA;Sencilla;En Servicio/Mantenible;EN-54;;Encarriladora 62.720 Montblanc Vlaverd;;;;EN-U-62.720;;LERIDA-LA PLANA PICAMOIXONS, U->EN-200030-62,72;100007257;;966129;022000440;VINAIXA-LA PLANA-PICAMOIXONS                                                                                                    ;40,429;66,002
13113;Reus - VIA;EN-200030-66,28;200030;LERIDA-LA PLANA PICAMOIXONS, U;66,28;;200;2 ;MADRID-CHAMARTIN-CLARA CAMPOAMOR-BARNA-EST. DE FRANÇA;Sencilla;En Servicio/Mantenible;EN-54;;Encarriladora 66.280 Vilaverd Plana;;;;EN-U-66.280;;LERIDA-LA PLANA PICAMOIXONS, U->EN-200030-66,28;100007257;;966127;022000440;VINAIXA-LA PLANA-PICAMOIXONS                                                                                                    ;66,002;68,128
13113;Reus - VIA;EN-200030-66,35;200030;LERIDA-LA PLANA PICAMOIXONS, U;66,35;;200;2 ;MADRID-CHAMARTIN-CLARA CAMPOAMOR-BARNA-EST. DE FRANÇA;Sencilla;En Servicio/Mantenible;EN-54;;Encarriladora 66.350 Vilaverd Plana;;;;EN-U-66.350;;LERIDA-LA PLANA PICAMOIXONS, U->EN-200030-66,35;100007257;;966128;022000440;VINAIXA-LA PLANA-PICAMOIXONS                                                                                                    ;66,002;68,128
12108;Caspe - VIA;EN-2400-453,427;2400;MIRAFLORES-REUS, U;453,427;;210;2 ;MIRAFLORES - SANT VICENÇ DE CALDERS;Sencilla;En Servicio/Mantenible;EN-54;TALLERES ALEGRÍA, S.A.;;;;;EN-U-453.427;;MIRAFLORES-REUS, U->EN-2400-453,427;100000069;Tipo Encarriladora - Otras;100462588;022100090;CASPE-FAIO-LA POBLA DE MASSALUCA                                                                                                ;453,043;490,231
12108;Caspe - VIA;EN-2400-453,596;2400;MIRAFLORES-REUS, U;453,596;;210;2 ;MIRAFLORES - SANT VICENÇ DE CALDERS;Sencilla;En Servicio/Mantenible;EN-54;TALLERES ALEGRÍA, S.A.;;;;;EN-U-453.596;;MIRAFLORES-REUS, U->EN-2400-453,596;100000069;Tipo Encarriladora - Otras;100462589;022100090;CASPE-FAIO-LA POBLA DE MASSALUCA                                                                                                ;453,043;490,231
12111;Huesca - VIA;EN-2510-105,413;2510;HOYA DE HUESCA-JACA, U;105,413;;204;2 ;BIF. CANFRANC - CANFRANC;Sencilla;En Servicio/Mantenible;EN-54;;;;;;EN-U-105,413;;HOYA DE HUESCA-JACA, U->EN-2510-105,413;100000078;;968530;022040040;SANTA MARIA Y LA PEÑA-JACA                                                                                                      ;53,594;110,524
12111;Huesca - VIA;EN-2510-105,465;2510;HOYA DE HUESCA-JACA, U;105,465;;204;2 ;BIF. CANFRANC - CANFRANC;Sencilla;En Servicio/Mantenible;EN-54;;;;;;EN-U-105,465;;HOYA DE HUESCA-JACA, U->EN-2510-105,465;100000078;;968529;022040040;SANTA MARIA Y LA PEÑA-JACA                                                                                                      ;53,594;110,524
14114;Manresa - VIA;EN-2800-335,352;2800;MANRESA-MONTCADA BIF.- BIF.VILANOVA, I;335,352;;220;2 ;LLEIDA-PIRINEUS - BIF. VILANOVA;Sencilla;En Servicio/Mantenible;EN-54;;;;;;EN-1-335,352;;MANRESA-MONTCADA BIF.- BIF.VILANOVA, I->EN-2800-335,352;100000087;;967314;022200070;TERRASSA ESTACIÓ DEL NORD-CERDANYOLA DEL VALLES                                                                                 ;333,74;351,157
14114;Manresa - VIA;EN-2800-335,448;2800;MANRESA-MONTCADA BIF.- BIF.VILANOVA, I;335,448;;220;2 ;LLEIDA-PIRINEUS - BIF. VILANOVA;Sencilla;En Servicio/Mantenible;EN-54;;;;;;EN-1-335,448;;MANRESA-MONTCADA BIF.- BIF.VILANOVA, I->EN-2800-335,448;100000087;;967315;022200070;TERRASSA ESTACIÓ DEL NORD-CERDANYOLA DEL VALLES                                                                                 ;333,74;351,157
14111;L Hospitalet - VIA;EN-2805-101,029;2805;BARCELONA SANTS-BIF. VILANOVA, I;101,029;;276;2 ;MAÇANET-MASSANES - L'HOSPITALET DE LLOBREGAT;Sencilla;En Servicio/Mantenible;EN-54;;;;;;EN-1-366,950;;MANRESA-MONTCADA BIF.- BIF.VILANOVA, I->EN-2805-101,029;100000087;;967319;022760190;BIF. VILANOVA - BARCELONA-SANTS                                                                                                 ;100,295;103,515
14114;Manresa - VIA;EN-2810-335,352;2810;MANRESA-MONTCADA BIF. - BIF.VILANOVA, II;335,352;;220;2 ;LLEIDA-PIRINEUS - BIF. VILANOVA;Sencilla;En Servicio/Mantenible;EN-54;;;;;;EN-2-335,352;;MANRESA-MONTCADA BIF. - BIF.VILANOVA, II->EN-2810-335,352;100000088;;967311;022200070;TERRASSA ESTACIÓ DEL NORD-CERDANYOLA DEL VALLES                                                                                 ;333,74;351,157
14114;Manresa - VIA;EN-2810-335,448;2810;MANRESA-MONTCADA BIF. - BIF.VILANOVA, II;335,448;;220;2 ;LLEIDA-PIRINEUS - BIF. VILANOVA;Sencilla;En Servicio/Mantenible;EN-54;;;;;;EN-2-335,448;;MANRESA-MONTCADA BIF. - BIF.VILANOVA, II->EN-2810-335,448;100000088;;967313;022200070;TERRASSA ESTACIÓ DEL NORD-CERDANYOLA DEL VALLES                                                                                 ;333,74;351,157
14111;L Hospitalet - VIA;EN-2815-101,029;2815;BARCELONA SANTS-BIF. VILANOVA, II;101,029;;276;2 ;MAÇANET-MASSANES - L'HOSPITALET DE LLOBREGAT;Sencilla;En Servicio/Mantenible;EN-54;;;;;;EN-1-366,950;;MANRESA-MONTCADA BIF. - BIF.VILANOVA, II->EN-2815-101,029;100000088;;1141788;022760190;BIF. VILANOVA - BARCELONA-SANTS                                                                                                 ;100,295;103,745
13113;Reus - VIA;EN-3000-581,278;3000;REUS - KM. 590,45, U;581,278;;234;2 ;REUS-CONSTANTI;Sencilla;En Servicio/Mantenible;EN-54;;EN-1-581,278;;;;EN-1-581,278;;REUS - KM. 590,45, U->EN-3000-581,278;100000094;;1485409;022340010;REUS-CONSTANTI                                                                                                                  ;579,824;590,45
13113;Reus - VIA;EN-3000-581,292;3000;REUS - KM. 590,45, U;581,292;;234;2 ;REUS-CONSTANTI;Sencilla;Fuera de Servicio/Mantenible;EN-54;;EN-2-581,292;;;;EN-2-581,292;;REUS - KM. 590,45, U->EN-3000-581,292;100000094;;1485410;022340010;REUS-CONSTANTI                                                                                                                  ;579,824;590,45
14118;Mataro - VIA;EN-3370-111,662;3370;BIF. SAGRERA-AG.KM. 108,0-MATARO, I;111,662;;276;2 ;MAÇANET-MASSANES - L'HOSPITALET DE LLOBREGAT;Sencilla;En Servicio/Mantenible;EN-54;;;;;;EN-1-005,714;;BIF. SAGRERA-AG.KM. 108,0-MATARO, I->EN-3370-111,662;1136546;;967329;022760140;MATARO - BIF. SAGRERA-AG.KM. 108,0                                                                                              ;108,014;135,569
14118;Mataro - VIA;EN-3380-111,522;3380;BIF. SAGRERA-AG.KM. 108,0-MATARO, II;111,522;;276;2 ;MAÇANET-MASSANES - L'HOSPITALET DE LLOBREGAT;Sencilla;En Servicio/Mantenible;EN-54;;;;;;EN-2-005,574;;BIF. SAGRERA-AG.KM. 108,0-MATARO, II->EN-3380-111,522;1136553;;967324;022760140;MATARO - BIF. SAGRERA-AG.KM. 108,0                                                                                              ;108,077;135,569
14118;Mataro - VIA;EN-3380-111,662;3380;BIF. SAGRERA-AG.KM. 108,0-MATARO, II;111,662;;276;2 ;MAÇANET-MASSANES - L'HOSPITALET DE LLOBREGAT;Sencilla;En Servicio/Mantenible;EN-54;;;;;;EN-2-005,714;;BIF. SAGRERA-AG.KM. 108,0-MATARO, II->EN-3380-111,662;1136553;;967325;022760140;MATARO - BIF. SAGRERA-AG.KM. 108,0                                                                                              ;108,077;135,569
12105;Ricla-La Almunia - VIA;EN-200010-280,89;200010;S. FERNANDO-MIRAFLORES, I (G1);280,89;;200;2 ;MADRID-CHAMARTIN-CLARA CAMPOAMOR-BARNA-EST. DE FRANÇA;Sencilla;En Servicio/Mantenible;EN-54;;;;;;SKL-12-54.. EN-I-280.890.;;S. FERNANDO-MIRAFLORES, I (G1)->EN-200010-280,89;100007255;Tipo Encarriladora - Larga Elástica;100462519;022000210;RICLA-LA ALMUNIA-CAMB-AG.KM.308,6                                                                                               ;280,448;308,6
14121;Port Bou;EN-200071-236,16;200071;BIF. AIGUES -PORT BOU-CERBERE,I;236,16;;270;2 ;CERBERE - BIF. ARAGO;Sencilla;En Servicio/Mantenible;EN-54;;;;;;EN-1-236.160;;BIF. AIGUES -PORT BOU-CERBERE,I->EN-200071-236,16;123789;;967181;022700130;GIRONA-VILAMALLA                                                                                                                ;205,572;241,627
14121;Port Bou;EN-200071-259,62;200071;BIF. AIGUES -PORT BOU-CERBERE,I;259,62;;270;2 ;CERBERE - BIF. ARAGO;Sencilla;En Servicio/Mantenible;EN-54;;;;;;EN-1-259,620;;BIF. AIGUES -PORT BOU-CERBERE,I->EN-200071-259,62;123789;;967261;022700150;FIGUERES-PORTBOU                                                                                                                ;247,07;273,106
12105;Ricla-La Almunia - VIA;EN-200100-280,89;200100;RICLA-ALMUNIA-ZARAGOZA DELICIAS, II;280,89;;200;2 ;MADRID-CHAMARTIN-CLARA CAMPOAMOR-BARNA-EST. DE FRANÇA;Sencilla;En Servicio/Mantenible;EN-54;;;;;;SKL-12-54.. EN - II - 280.890;;RICLA-ALMUNIA-ZARAGOZA DELICIAS, II->EN-200100-280,89;100007264;Tipo Encarriladora - Larga Elástica;100462516;022000210;RICLA-LA ALMUNIA-CAMB-AG.KM.308,6                                                                                               ;279,781;308,6
14121;Port Bou;EN-200131-236,16;200131;BIF. AIGUES-POR BOU-CERBERE,II;236,16;;270;2 ;CERBERE - BIF. ARAGO;Sencilla;En Servicio/Mantenible;EN-54;;;;;;EN-2-236.160;;BIF. AIGUES-POR BOU-CERBERE,II->EN-200131-236,16;123792;;967179;022700130;GIRONA-VILAMALLA                                                                                                                ;205,572;241,627
14121;Port Bou;EN-200131-259,64;200131;BIF. AIGUES-POR BOU-CERBERE,II;259,64;;270;2 ;CERBERE - BIF. ARAGO;Sencilla;En Servicio/Mantenible;EN-54;;;;;;EN-2-259,640;;BIF. AIGUES-POR BOU-CERBERE,II->EN-200131-259,64;123792;;967262;022700150;FIGUERES-PORTBOU                                                                                                                ;247,07;273,716
12104;Calatayud - VIA;EN-200010-247,403;200010;S. FERNANDO-MIRAFLORES, I (G1);247,403;;200;2 ;MADRID-CHAMARTIN-CLARA CAMPOAMOR-BARNA-EST. DE FRANÇA;Sencilla;En Servicio/Mantenible;EN-54;;;;;;EN-1-247,403;;S. FERNANDO-MIRAFLORES, I (G1)->EN-200010-247,403;100007255;Tipo Encarriladora - Larga de Tirafondos;100462618;022000190;CALATAYUD-MORATA DE JALON                                                                                                       ;244,627;272,252
12104;Calatayud - VIA;EN-200010-247,464;200010;S. FERNANDO-MIRAFLORES, I (G1);247,464;;200;2 ;MADRID-CHAMARTIN-CLARA CAMPOAMOR-BARNA-EST. DE FRANÇA;Sencilla;En Servicio/Mantenible;EN-54;;;;;;EN-1-247,464;;S. FERNANDO-MIRAFLORES, I (G1)->EN-200010-247,464;100007255;Tipo Encarriladora - Larga de Tirafondos;100462634;022000190;CALATAYUD-MORATA DE JALON                                                                                                       ;244,627;272,252
12104;Calatayud - VIA;EN-200010-248,633;200010;S. FERNANDO-MIRAFLORES, I (G1);248,633;;200;2 ;MADRID-CHAMARTIN-CLARA CAMPOAMOR-BARNA-EST. DE FRANÇA;Sencilla;En Servicio/Mantenible;EN-54;;;;;;ENCARRILADORA - LARGA ELÁSTICA. EN-1-248,633;;S. FERNANDO-MIRAFLORES, I (G1)->EN-200010-248,633;100007255;Tipo Encarriladora - Larga de Tirafondos;100462620;022000190;CALATAYUD-MORATA DE JALON                                                                                                       ;244,627;272,252
12104;Calatayud - VIA;EN-200010-248,713;200010;S. FERNANDO-MIRAFLORES, I (G1);248,713;;200;2 ;MADRID-CHAMARTIN-CLARA CAMPOAMOR-BARNA-EST. DE FRANÇA;Sencilla;En Servicio/Mantenible;EN-54;;RIO JALON - ANCHADA -;;;;ENCARRILADORA - LARGA ELÁSTICA. EN-1-248,713;;S. FERNANDO-MIRAFLORES, I (G1)->EN-200010-248,713;100007255;Tipo Encarriladora - Larga de Tirafondos;100462615;022000190;CALATAYUD-MORATA DE JALON                                                                                                       ;244,627;272,252
12104;Calatayud - VIA;EN-200010-249,848;200010;S. FERNANDO-MIRAFLORES, I (G1);249,848;;200;2 ;MADRID-CHAMARTIN-CLARA CAMPOAMOR-BARNA-EST. DE FRANÇA;Sencilla;En Servicio/Mantenible;EN-54;;;;;;EN-1-249,848;;S. FERNANDO-MIRAFLORES, I (G1)->EN-200010-249,848;100007255;Tipo Encarriladora - Larga de Tirafondos;100462616;022000190;CALATAYUD-MORATA DE JALON                                                                                                       ;244,627;272,252
12104;Calatayud - VIA;EN-200010-249,907;200010;S. FERNANDO-MIRAFLORES, I (G1);249,907;;200;2 ;MADRID-CHAMARTIN-CLARA CAMPOAMOR-BARNA-EST. DE FRANÇA;Sencilla;En Servicio/Mantenible;EN-54;;;;;;Encarriladora - Larga de tirafondos . EN-1-249,907;;S. FERNANDO-MIRAFLORES, I (G1)->EN-200010-249,907;100007255;Tipo Encarriladora - Larga de Tirafondos;100462617;022000190;CALATAYUD-MORATA DE JALON                                                                                                       ;244,627;272,252
12104;Calatayud - VIA;EN-200010-251,115;200010;S. FERNANDO-MIRAFLORES, I (G1);251,115;;200;2 ;MADRID-CHAMARTIN-CLARA CAMPOAMOR-BARNA-EST. DE FRANÇA;Sencilla;En Servicio/Mantenible;EN-54;;;;60,995,300;;Encarriladora - larga elastica . EN-1-251,103;;S. FERNANDO-MIRAFLORES, I (G1)->EN-200010-251,115;100007255;Tipo Encarriladora - Larga Elástica;100462632;022000190;CALATAYUD-MORATA DE JALON                                                                                                       ;244,627;272,252
12104;Calatayud - VIA;EN-200010-251,182;200010;S. FERNANDO-MIRAFLORES, I (G1);251,182;;200;2 ;MADRID-CHAMARTIN-CLARA CAMPOAMOR-BARNA-EST. DE FRANÇA;Sencilla;En Servicio/Mantenible;EN-54;;;;60.995.300;;Encarriladora larga - elastica . EN-1-251,198;;S. FERNANDO-MIRAFLORES, I (G1)->EN-200010-251,182;100007255;Tipo Encarriladora - Larga Elástica;100462633;022000190;CALATAYUD-MORATA DE JALON                                                                                                       ;244,627;272,252
12104;Calatayud - VIA;EN-200010-251,888;200010;S. FERNANDO-MIRAFLORES, I (G1);251,888;;200;2 ;MADRID-CHAMARTIN-CLARA CAMPOAMOR-BARNA-EST. DE FRANÇA;Sencilla;En Servicio/Mantenible;EN-54;;Encarriladora dcha;12/06/2021;618050300;;"Nº 15-9724
Encarriladora  larga elastica EN-1-251,888";12/06/2021;S. FERNANDO-MIRAFLORES, I (G1)->EN-200010-251,888;100007255;Tipo Encarriladora - Larga de Tirafondos;100462630;022000190;CALATAYUD-MORATA DE JALON                                                                                                       ;244,627;272,252
12104;Calatayud - VIA;EN-200010-251,957;200010;S. FERNANDO-MIRAFLORES, I (G1);251,957;;200;2 ;MADRID-CHAMARTIN-CLARA CAMPOAMOR-BARNA-EST. DE FRANÇA;Sencilla;En Servicio/Mantenible;EN-54;;;13/06/2021;61805301;;"Nº 15-9722
Encarriladora lara elastica
. EN-1-251,957";13/06/2021;S. FERNANDO-MIRAFLORES, I (G1)->EN-200010-251,957;100007255;Tipo Encarriladora - Larga de Tirafondos;100462631;022000190;CALATAYUD-MORATA DE JALON                                                                                                       ;244,627;272,252
12104;Calatayud - VIA;EN-200010-252,845;200010;S. FERNANDO-MIRAFLORES, I (G1);252,845;;200;2 ;MADRID-CHAMARTIN-CLARA CAMPOAMOR-BARNA-EST. DE FRANÇA;Sencilla;En Servicio/Mantenible;EN-54;;;;60.995.300;;Encarriladora - larga elástica. EN-1-252,845;;S. FERNANDO-MIRAFLORES, I (G1)->EN-200010-252,845;100007255;Tipo Encarriladora - Larga Elástica;100462628;022000190;CALATAYUD-MORATA DE JALON                                                                                                       ;244,627;272,252
12104;Calatayud - VIA;EN-200010-252,918;200010;S. FERNANDO-MIRAFLORES, I (G1);252,918;;200;2 ;MADRID-CHAMARTIN-CLARA CAMPOAMOR-BARNA-EST. DE FRANÇA;Sencilla;En Servicio/Mantenible;EN-54;;;;60.995.300;;Encarriladora - larga elástica. EN-1-252,918;;S. FERNANDO-MIRAFLORES, I (G1)->EN-200010-252,918;100007255;Tipo Encarriladora - Larga Elástica;100462629;022000190;CALATAYUD-MORATA DE JALON                                                                                                       ;244,627;272,252
12104;Calatayud - VIA;EN-200010-253,605;200010;S. FERNANDO-MIRAFLORES, I (G1);253,605;;200;2 ;MADRID-CHAMARTIN-CLARA CAMPOAMOR-BARNA-EST. DE FRANÇA;Sencilla;En Servicio/Mantenible;EN-54;;;20/11/2021;618050301;;encarriladora - larga elastica . EN-1-253,605;20/11/2021;S. FERNANDO-MIRAFLORES, I (G1)->EN-200010-253,605;100007255;Tipo Encarriladora - Larga de Tirafondos;100462626;022000190;CALATAYUD-MORATA DE JALON                                                                                                       ;244,627;272,252
12104;Calatayud - VIA;EN-200010-253,694;200010;S. FERNANDO-MIRAFLORES, I (G1);253,694;;200;2 ;MADRID-CHAMARTIN-CLARA CAMPOAMOR-BARNA-EST. DE FRANÇA;Sencilla;En Servicio/Mantenible;EN-54;;;21/11/2021;618050300;;Encarriladora - larga elastica. EN-1-253,694;21/11/2021;S. FERNANDO-MIRAFLORES, I (G1)->EN-200010-253,694;100007255;Tipo Encarriladora - Larga de Tirafondos;100462627;022000190;CALATAYUD-MORATA DE JALON                                                                                                       ;244,627;272,252
12104;Calatayud - VIA;EN-200010-253,902;200010;S. FERNANDO-MIRAFLORES, I (G1);253,902;;200;2 ;MADRID-CHAMARTIN-CLARA CAMPOAMOR-BARNA-EST. DE FRANÇA;Sencilla;En Servicio/Mantenible;EN-54;;;;;;Encarriladora - larga elástica. EN-I-253,902;;S. FERNANDO-MIRAFLORES, I (G1)->EN-200010-253,902;100007255;;967306;022000190;CALATAYUD-MORATA DE JALON                                                                                                       ;244,627;272,252
12104;Calatayud - VIA;EN-200010-253,999;200010;S. FERNANDO-MIRAFLORES, I (G1);253,999;;200;2 ;MADRID-CHAMARTIN-CLARA CAMPOAMOR-BARNA-EST. DE FRANÇA;Sencilla;En Servicio/Mantenible;EN-54;;;;;;Encarrilador - larga elástica . EN-I-253,999;;S. FERNANDO-MIRAFLORES, I (G1)->EN-200010-253,999;100007255;;967310;022000190;CALATAYUD-MORATA DE JALON                                                                                                       ;244,627;272,252
12104;Calatayud - VIA;EN-200010-254,188;200010;S. FERNANDO-MIRAFLORES, I (G1);254,188;;200;2 ;MADRID-CHAMARTIN-CLARA CAMPOAMOR-BARNA-EST. DE FRANÇA;Sencilla;En Servicio/Mantenible;EN-54;;;;60.995.300;;Encarriladora - larga elástica. EN-1-254,188;;S. FERNANDO-MIRAFLORES, I (G1)->EN-200010-254,188;100007255;Tipo Encarriladora - Larga Elástica;100462614;022000190;CALATAYUD-MORATA DE JALON                                                                                                       ;244,627;272,252
12104;Calatayud - VIA;EN-200010-254,318;200010;S. FERNANDO-MIRAFLORES, I (G1);254,318;;200;2 ;MADRID-CHAMARTIN-CLARA CAMPOAMOR-BARNA-EST. DE FRANÇA;Sencilla;En Servicio/Mantenible;EN-54;;;;60.995.300;;Encarriladora - larga elástica . EN-1-254,318;;S. FERNANDO-MIRAFLORES, I (G1)->EN-200010-254,318;100007255;Tipo Encarriladora - Larga Elástica;100462623;022000190;CALATAYUD-MORATA DE JALON                                                                                                       ;244,627;272,252
12104;Calatayud - VIA;EN-200010-254,783;200010;S. FERNANDO-MIRAFLORES, I (G1);254,783;;200;2 ;MADRID-CHAMARTIN-CLARA CAMPOAMOR-BARNA-EST. DE FRANÇA;Sencilla;En Servicio/Mantenible;EN-54;;;;60.995.300;;Encarriladora - larga de tirafondos. EN-1-254,783;;S. FERNANDO-MIRAFLORES, I (G1)->EN-200010-254,783;100007255;Tipo Encarriladora - Larga Elástica;100462624;022000190;CALATAYUD-MORATA DE JALON                                                                                                       ;244,627;272,252
12104;Calatayud - VIA;EN-200010-254,886;200010;S. FERNANDO-MIRAFLORES, I (G1);254,886;;200;2 ;MADRID-CHAMARTIN-CLARA CAMPOAMOR-BARNA-EST. DE FRANÇA;Sencilla;En Servicio/Mantenible;EN-54;;;;;;EN-1-254,886;;S. FERNANDO-MIRAFLORES, I (G1)->EN-200010-254,886;100007255;Tipo Encarriladora - Larga de Tirafondos;100462622;022000190;CALATAYUD-MORATA DE JALON                                                                                                       ;244,627;272,252
12104;Calatayud - VIA;EN-200010-255,283;200010;S. FERNANDO-MIRAFLORES, I (G1);255,283;;200;2 ;MADRID-CHAMARTIN-CLARA CAMPOAMOR-BARNA-EST. DE FRANÇA;Sencilla;En Servicio/Mantenible;EN-54;;;;;;Encarriladora - larga de tirafondos . EN-U.255.283.;;S. FERNANDO-MIRAFLORES, I (G1)->EN-200010-255,283;100007255;Tipo Encarriladora - Larga de Tirafondos;100462504;022000190;CALATAYUD-MORATA DE JALON                                                                                                       ;244,627;272,252
12104;Calatayud - VIA;EN-200010-255,388;200010;S. FERNANDO-MIRAFLORES, I (G1);255,388;;200;2 ;MADRID-CHAMARTIN-CLARA CAMPOAMOR-BARNA-EST. DE FRANÇA;Sencilla;En Servicio/Mantenible;EN-54;;;;;;Encarriladora - larga de tirafondos . EN-U.255.388.;;S. FERNANDO-MIRAFLORES, I (G1)->EN-200010-255,388;100007255;Tipo Encarriladora - Larga de Tirafondos;100462505;022000190;CALATAYUD-MORATA DE JALON                                                                                                       ;244,627;272,252
12105;Ricla-La Almunia - VIA;EN-200010-264,491;200010;S. FERNANDO-MIRAFLORES, I (G1);264,491;;200;2 ;MADRID-CHAMARTIN-CLARA CAMPOAMOR-BARNA-EST. DE FRANÇA;Sencilla;En Servicio/Mantenible;EN-54;;encarriladora izda;19/06/2015;-----;;"Número aparato 15-9733
Encarriladora tipo adif 54E1 Traviesa de akoga, curva circular r=495 izda La salceda,Mores
Modelo R260 (PLANO PJ:22101/19811-P-CLI:P16.5000.00). EN-U-264.491";19/06/2015;S. FERNANDO-MIRAFLORES, I (G1)->EN-200010-264,491;100007255;Tipo Encarriladora - Larga de Tirafondos;100462511;022000190;CALATAYUD-MORATA DE JALON                                                                                                       ;244,627;272,252
12105;Ricla-La Almunia - VIA;EN-200010-264,563;200010;S. FERNANDO-MIRAFLORES, I (G1);264,563;;200;2 ;MADRID-CHAMARTIN-CLARA CAMPOAMOR-BARNA-EST. DE FRANÇA;Sencilla;En Servicio/Mantenible;EN-54;;Encarriladora Drcha.;18/06/2015;--------;;"Número aparato 15-9732
Encarriladora tipo adif 54E1 Traviesa de akoga, curva circular r=495 La salceda,Mores
Modelo R260 (PLANO PJ:22101/19811-P-CLI:P16.5000.00). EN-U-264.563.";18/06/2015;S. FERNANDO-MIRAFLORES, I (G1)->EN-200010-264,563;100007255;Tipo Encarriladora - Larga de Tirafondos;100462520;022000190;CALATAYUD-MORATA DE JALON                                                                                                       ;244,627;272,252
12105;Ricla-La Almunia - VIA;EN-200010-265,861;200010;S. FERNANDO-MIRAFLORES, I (G1);265,861;;200;2 ;MADRID-CHAMARTIN-CLARA CAMPOAMOR-BARNA-EST. DE FRANÇA;Sencilla;En Servicio/Mantenible;EN-54;;;;;;EN-U-265.861.;;S. FERNANDO-MIRAFLORES, I (G1)->EN-200010-265,861;100007255;Tipo Encarriladora - Larga de Tirafondos;100462510;022000190;CALATAYUD-MORATA DE JALON                                                                                                       ;244,627;272,252
12105;Ricla-La Almunia - VIA;EN-200010-265,933;200010;S. FERNANDO-MIRAFLORES, I (G1);265,933;;200;2 ;MADRID-CHAMARTIN-CLARA CAMPOAMOR-BARNA-EST. DE FRANÇA;Sencilla;En Servicio/Mantenible;EN-54;;;;;;EN-U-265.933.;;S. FERNANDO-MIRAFLORES, I (G1)->EN-200010-265,933;100007255;Tipo Encarriladora - Larga de Tirafondos;100462529;022000190;CALATAYUD-MORATA DE JALON                                                                                                       ;244,627;272,252
12105;Ricla-La Almunia - VIA;EN-200010-268,786;200010;S. FERNANDO-MIRAFLORES, I (G1);268,786;;200;2 ;MADRID-CHAMARTIN-CLARA CAMPOAMOR-BARNA-EST. DE FRANÇA;Sencilla;En Servicio/Mantenible;EN-54;;;;;;EN-U-268.786;;S. FERNANDO-MIRAFLORES, I (G1)->EN-200010-268,786;100007255;Tipo Encarriladora - Larga de Tirafondos;100462509;022000190;CALATAYUD-MORATA DE JALON                                                                                                       ;244,627;272,252
12105;Ricla-La Almunia - VIA;EN-200010-268,853;200010;S. FERNANDO-MIRAFLORES, I (G1);268,853;;200;2 ;MADRID-CHAMARTIN-CLARA CAMPOAMOR-BARNA-EST. DE FRANÇA;Sencilla;En Servicio/Mantenible;EN-54;;;;;;EN-U-268.853.;;S. FERNANDO-MIRAFLORES, I (G1)->EN-200010-268,853;100007255;Tipo Encarriladora - Larga de Tirafondos;100462530;022000190;CALATAYUD-MORATA DE JALON                                                                                                       ;244,627;272,252
12105;Ricla-La Almunia - VIA;EN-200010-274,673;200010;S. FERNANDO-MIRAFLORES, I (G1);274,673;;200;2 ;MADRID-CHAMARTIN-CLARA CAMPOAMOR-BARNA-EST. DE FRANÇA;Sencilla;En Servicio/Mantenible;EN-54;;;;;;EN-U-274.673.;;S. FERNANDO-MIRAFLORES, I (G1)->EN-200010-274,673;100007255;Tipo Encarriladora - Larga de Tirafondos;100462508;022000200;MORATA DE JALON-RICLA-LA ALMUNIA                                                                                                ;272,252;280,448
12105;Ricla-La Almunia - VIA;EN-200010-274,745;200010;S. FERNANDO-MIRAFLORES, I (G1);274,745;;200;2 ;MADRID-CHAMARTIN-CLARA CAMPOAMOR-BARNA-EST. DE FRANÇA;Sencilla;En Servicio/Mantenible;EN-54;;;;;;EN-U-274.745.;;S. FERNANDO-MIRAFLORES, I (G1)->EN-200010-274,745;100007255;Tipo Encarriladora - Larga de Tirafondos;100462531;022000200;MORATA DE JALON-RICLA-LA ALMUNIA                                                                                                ;272,252;280,448
12105;Ricla-La Almunia - VIA;EN-200010-275,436;200010;S. FERNANDO-MIRAFLORES, I (G1);275,436;;200;2 ;MADRID-CHAMARTIN-CLARA CAMPOAMOR-BARNA-EST. DE FRANÇA;Sencilla;En Servicio/Mantenible;EN-54;;;;;;EN-U-275.436.;;S. FERNANDO-MIRAFLORES, I (G1)->EN-200010-275,436;100007255;Tipo Encarriladora - Larga de Tirafondos;100462507;022000200;MORATA DE JALON-RICLA-LA ALMUNIA                                                                                                ;272,252;280,448
12105;Ricla-La Almunia - VIA;EN-200010-275,503;200010;S. FERNANDO-MIRAFLORES, I (G1);275,503;;200;2 ;MADRID-CHAMARTIN-CLARA CAMPOAMOR-BARNA-EST. DE FRANÇA;Sencilla;En Servicio/Mantenible;EN-54;;;;;;EN-U-275.503;;S. FERNANDO-MIRAFLORES, I (G1)->EN-200010-275,503;100007255;Tipo Encarriladora - Larga de Tirafondos;100462532;022000200;MORATA DE JALON-RICLA-LA ALMUNIA                                                                                                ;272,252;280,448
12105;Ricla-La Almunia - VIA;EN-200010-277,132;200010;S. FERNANDO-MIRAFLORES, I (G1);277,132;;200;2 ;MADRID-CHAMARTIN-CLARA CAMPOAMOR-BARNA-EST. DE FRANÇA;Sencilla;En Servicio/Mantenible;EN-54;;;;;;EN-U-277.132;;S. FERNANDO-MIRAFLORES, I (G1)->EN-200010-277,132;100007255;Tipo Encarriladora - Larga de Tirafondos;100462534;022000200;MORATA DE JALON-RICLA-LA ALMUNIA                                                                                                ;272,252;280,448
12105;Ricla-La Almunia - VIA;EN-200010-277,219;200010;S. FERNANDO-MIRAFLORES, I (G1);277,219;;200;2 ;MADRID-CHAMARTIN-CLARA CAMPOAMOR-BARNA-EST. DE FRANÇA;Sencilla;En Servicio/Mantenible;EN-54;;;;;;EN-U-277.219;;S. FERNANDO-MIRAFLORES, I (G1)->EN-200010-277,219;100007255;Tipo Encarriladora - Larga de Tirafondos;100462533;022000200;MORATA DE JALON-RICLA-LA ALMUNIA                                                                                                ;272,252;280,448
12105;Ricla-La Almunia - VIA;EN-200010-278,887;200010;S. FERNANDO-MIRAFLORES, I (G1);278,887;;200;2 ;MADRID-CHAMARTIN-CLARA CAMPOAMOR-BARNA-EST. DE FRANÇA;Sencilla;En Servicio/Mantenible;EN-54;;;;;;EN-U-278.887;;S. FERNANDO-MIRAFLORES, I (G1)->EN-200010-278,887;100007255;Tipo Encarriladora - Larga de Tirafondos;100462506;022000200;MORATA DE JALON-RICLA-LA ALMUNIA                                                                                                ;272,252;280,448
12105;Ricla-La Almunia - VIA;EN-200010-278,959;200010;S. FERNANDO-MIRAFLORES, I (G1);278,959;;200;2 ;MADRID-CHAMARTIN-CLARA CAMPOAMOR-BARNA-EST. DE FRANÇA;Sencilla;En Servicio/Mantenible;EN-54;;;;;;EN-U-278.959.;;S. FERNANDO-MIRAFLORES, I (G1)->EN-200010-278,959;100007255;Tipo Encarriladora - Larga de Tirafondos;100462535;022000200;MORATA DE JALON-RICLA-LA ALMUNIA                                                                                                ;272,252;280,448
12105;Ricla-La Almunia - VIA;EN-200010-280,957;200010;S. FERNANDO-MIRAFLORES, I (G1);280,957;;200;2 ;MADRID-CHAMARTIN-CLARA CAMPOAMOR-BARNA-EST. DE FRANÇA;Sencilla;En Servicio/Mantenible;EN-54;;;;;;SKL-12-54.. EN-I -280.957.;;S. FERNANDO-MIRAFLORES, I (G1)->EN-200010-280,957;100007255;Tipo Encarriladora - Larga Elástica;100462518;022000210;RICLA-LA ALMUNIA-CAMB-AG.KM.308,6                                                                                               ;280,448;308,6
12105;Ricla-La Almunia - VIA;EN-200010-297,278;200010;S. FERNANDO-MIRAFLORES, I (G1);297,278;;200;2 ;MADRID-CHAMARTIN-CLARA CAMPOAMOR-BARNA-EST. DE FRANÇA;Sencilla;En Servicio/Mantenible;EN-54;;;;;;SKL-12-54.. EN-I- 297.278.;;S. FERNANDO-MIRAFLORES, I (G1)->EN-200010-297,278;100007255;Tipo Encarriladora - Larga Elástica;100462515;022000210;RICLA-LA ALMUNIA-CAMB-AG.KM.308,6                                                                                               ;280,448;308,6
12105;Ricla-La Almunia - VIA;EN-200010-297,345;200010;S. FERNANDO-MIRAFLORES, I (G1);297,345;;200;2 ;MADRID-CHAMARTIN-CLARA CAMPOAMOR-BARNA-EST. DE FRANÇA;Sencilla;En Servicio/Mantenible;EN-54;;;;;;SKL-12-54.. EN-I-297.345.;;S. FERNANDO-MIRAFLORES, I (G1)->EN-200010-297,345;100007255;Tipo Encarriladora - Larga Elástica;100462514;022000210;RICLA-LA ALMUNIA-CAMB-AG.KM.308,6                                                                                               ;280,448;308,6
12105;Ricla-La Almunia - VIA;EN-200010-315,217;200010;S. FERNANDO-MIRAFLORES, I (G1);315,217;;200;2 ;MADRID-CHAMARTIN-CLARA CAMPOAMOR-BARNA-EST. DE FRANÇA;Sencilla;En Servicio/Mantenible;EN-54;;;;;;SKL-12-54.. EN-I-315.217.;;S. FERNANDO-MIRAFLORES, I (G1)->EN-200010-315,217;100007255;Tipo Encarriladora - Larga Elástica;100462528;022000230;GRISEN-CASETAS                                                                                                                  ;314,643;327,643
12105;Ricla-La Almunia - VIA;EN-200010-315,253;200010;S. FERNANDO-MIRAFLORES, I (G1);315,253;;200;2 ;MADRID-CHAMARTIN-CLARA CAMPOAMOR-BARNA-EST. DE FRANÇA;Sencilla;En Servicio/Mantenible;EN-54;;;;;;SKL-12-54.. EN-I-315.253;;S. FERNANDO-MIRAFLORES, I (G1)->EN-200010-315,253;100007255;Tipo Encarriladora - Larga Elástica;100462527;022000230;GRISEN-CASETAS                                                                                                                  ;314,643;327,643
12105;Ricla-La Almunia - VIA;EN-200010-318,571;200010;S. FERNANDO-MIRAFLORES, I (G1);318,571;;200;2 ;MADRID-CHAMARTIN-CLARA CAMPOAMOR-BARNA-EST. DE FRANÇA;Sencilla;En Servicio/Mantenible;EN-54;;;;;;SKL-12-54.. EN-I-318.571;;S. FERNANDO-MIRAFLORES, I (G1)->EN-200010-318,571;100007255;Tipo Encarriladora - Larga Elástica;100462526;022000230;GRISEN-CASETAS                                                                                                                  ;314,643;327,643
12105;Ricla-La Almunia - VIA;EN-200010-318,638;200010;S. FERNANDO-MIRAFLORES, I (G1);318,638;;200;2 ;MADRID-CHAMARTIN-CLARA CAMPOAMOR-BARNA-EST. DE FRANÇA;Sencilla;En Servicio/Mantenible;EN-54;;;;;;SKL-12-54.. EN-I-318.638.;;S. FERNANDO-MIRAFLORES, I (G1)->EN-200010-318,638;100007255;Tipo Encarriladora - Larga Elástica;100462525;022000230;GRISEN-CASETAS                                                                                                                  ;314,643;327,643
14119;Granollers Centre- VIA;EN-200071-119,287;200071;BIF. AIGUES -PORT BOU-CERBERE,I;119,287;;270;2 ;CERBERE - BIF. ARAGO;Sencilla;En Servicio/Mantenible;EN-54;;;;;;EN-1-119,287;;BIF. AIGUES -PORT BOU-CERBERE,I->EN-200071-119,287;123789;;967307;022700030;MONTCADA I REIXAC-LA LLAGOSTA                                                                                                   ;118,931;122,046
14120;Girona - VIA;EN-200071-206,705;200071;BIF. AIGUES -PORT BOU-CERBERE,I;206,705;;270;2 ;CERBERE - BIF. ARAGO;Sencilla;En Servicio/Mantenible;EN-54;;;;;;EN-1-206,705;;BIF. AIGUES -PORT BOU-CERBERE,I->EN-200071-206,705;123789;;967288;022700130;GIRONA-VILAMALLA                                                                                                                ;205,572;241,627
14120;Girona - VIA;EN-200071-206,783;200071;BIF. AIGUES -PORT BOU-CERBERE,I;206,783;;270;2 ;CERBERE - BIF. ARAGO;Sencilla;En Servicio/Mantenible;EN-54;;;;;;EN-1-206,783;;BIF. AIGUES -PORT BOU-CERBERE,I->EN-200071-206,783;123789;;967291;022700130;GIRONA-VILAMALLA                                                                                                                ;205,572;241,627
14120;Girona - VIA;EN-200071-222,965;200071;BIF. AIGUES -PORT BOU-CERBERE,I;222,965;;270;2 ;CERBERE - BIF. ARAGO;Sencilla;En Servicio/Mantenible;EN-54;;;;;;EN-1-222,965;;BIF. AIGUES -PORT BOU-CERBERE,I->EN-200071-222,965;123789;;967271;022700130;GIRONA-VILAMALLA                                                                                                                ;205,572;241,627
14120;Girona - VIA;EN-200071-223,269;200071;BIF. AIGUES -PORT BOU-CERBERE,I;223,269;;270;2 ;CERBERE - BIF. ARAGO;Sencilla;En Servicio/Mantenible;EN-54;;;;;;EN-1-223,269;;BIF. AIGUES -PORT BOU-CERBERE,I->EN-200071-223,269;123789;;967275;022700130;GIRONA-VILAMALLA                                                                                                                ;205,572;241,627
14121;Port Bou;EN-200071-235,997;200071;BIF. AIGUES -PORT BOU-CERBERE,I;235,997;;270;2 ;CERBERE - BIF. ARAGO;Sencilla;En Servicio/Mantenible;EN-54;;;;;;EN-1-235.997;;BIF. AIGUES -PORT BOU-CERBERE,I->EN-200071-235,997;123789;;967180;022700130;GIRONA-VILAMALLA                                                                                                                ;205,572;241,627
14121;Port Bou;EN-200071-251,462;200071;BIF. AIGUES -PORT BOU-CERBERE,I;251,462;;270;2 ;CERBERE - BIF. ARAGO;Sencilla;En Servicio/Mantenible;EN-54;;;;;;EN-1-251,462;;BIF. AIGUES -PORT BOU-CERBERE,I->EN-200071-251,462;123789;;967224;022700150;FIGUERES-PORTBOU                                                                                                                ;247,07;273,106
14121;Port Bou;EN-200071-251,562;200071;BIF. AIGUES -PORT BOU-CERBERE,I;251,562;;270;2 ;CERBERE - BIF. ARAGO;Sencilla;En Servicio/Mantenible;EN-54;;;;;;EN-1-251,562;;BIF. AIGUES -PORT BOU-CERBERE,I->EN-200071-251,562;123789;;967225;022700150;FIGUERES-PORTBOU                                                                                                                ;247,07;273,106
14121;Port Bou;EN-200071-257,145;200071;BIF. AIGUES -PORT BOU-CERBERE,I;257,145;;270;2 ;CERBERE - BIF. ARAGO;Sencilla;En Servicio/Mantenible;EN-54;;;;;;EN-1-257,145;;BIF. AIGUES -PORT BOU-CERBERE,I->EN-200071-257,145;123789;;967257;022700150;FIGUERES-PORTBOU                                                                                                                ;247,07;273,106
14121;Port Bou;EN-200071-257,161;200071;BIF. AIGUES -PORT BOU-CERBERE,I;257,161;;270;2 ;CERBERE - BIF. ARAGO;Sencilla;En Servicio/Mantenible;EN-54;;;;;;EN-1-257,161;;BIF. AIGUES -PORT BOU-CERBERE,I->EN-200071-257,161;123789;;967258;022700150;FIGUERES-PORTBOU                                                                                                                ;247,07;273,106
14121;Port Bou;EN-200071-263,465;200071;BIF. AIGUES -PORT BOU-CERBERE,I;263,465;;270;2 ;CERBERE - BIF. ARAGO;Sencilla;En Servicio/Mantenible;EN-54;;;;;;EN-1-263,465;;BIF. AIGUES -PORT BOU-CERBERE,I->EN-200071-263,465;123789;;967264;022700150;FIGUERES-PORTBOU                                                                                                                ;247,07;273,106
14121;Port Bou;EN-200071-263,535;200071;BIF. AIGUES -PORT BOU-CERBERE,I;263,535;;270;2 ;CERBERE - BIF. ARAGO;Sencilla;En Servicio/Mantenible;EN-54;;;;;;EN-1-263,535;;BIF. AIGUES -PORT BOU-CERBERE,I->EN-200071-263,535;123789;;967265;022700150;FIGUERES-PORTBOU                                                                                                                ;247,07;273,106
14121;Port Bou;EN-200071-264,052;200071;BIF. AIGUES -PORT BOU-CERBERE,I;264,052;;270;2 ;CERBERE - BIF. ARAGO;Sencilla;En Servicio/Mantenible;EN-54;;;;;;EN-1-264.052;;BIF. AIGUES -PORT BOU-CERBERE,I->EN-200071-264,052;123789;;967183;022700150;FIGUERES-PORTBOU                                                                                                                ;247,07;273,106
14121;Port Bou;EN-200071-264,405;200071;BIF. AIGUES -PORT BOU-CERBERE,I;264,405;;270;2 ;CERBERE - BIF. ARAGO;Sencilla;En Servicio/Mantenible;EN-54;;;;;;EN-1-264,405;;BIF. AIGUES -PORT BOU-CERBERE,I->EN-200071-264,405;123789;;967187;022700150;FIGUERES-PORTBOU                                                                                                                ;247,07;273,106
14121;Port Bou;EN-200071-270,328;200071;BIF. AIGUES -PORT BOU-CERBERE,I;270,328;;270;2 ;CERBERE - BIF. ARAGO;Sencilla;En Servicio/Mantenible;EN-54;;;;;;EN-1-270,328;;BIF. AIGUES -PORT BOU-CERBERE,I->EN-200071-270,328;123789;;967189;022700150;FIGUERES-PORTBOU                                                                                                                ;247,07;273,106
12105;Ricla-La Almunia - VIA;EN-200100-280,957;200100;RICLA-ALMUNIA-ZARAGOZA DELICIAS, II;280,957;;200;2 ;MADRID-CHAMARTIN-CLARA CAMPOAMOR-BARNA-EST. DE FRANÇA;Sencilla;En Servicio/Mantenible;EN-54;;;;;;SKL.12.54.. EN - II -280.957;;RICLA-ALMUNIA-ZARAGOZA DELICIAS, II->EN-200100-280,957;100007264;Tipo Encarriladora - Larga Elástica;100462517;022000210;RICLA-LA ALMUNIA-CAMB-AG.KM.308,6                                                                                               ;279,781;308,6
12105;Ricla-La Almunia - VIA;EN-200100-297,278;200100;RICLA-ALMUNIA-ZARAGOZA DELICIAS, II;297,278;;200;2 ;MADRID-CHAMARTIN-CLARA CAMPOAMOR-BARNA-EST. DE FRANÇA;Sencilla;En Servicio/Mantenible;EN-54;;;;;;SKL-12-54.. EN-II-297.278.;;RICLA-ALMUNIA-ZARAGOZA DELICIAS, II->EN-200100-297,278;100007264;Tipo Encarriladora - Larga Elástica;100462512;022000210;RICLA-LA ALMUNIA-CAMB-AG.KM.308,6                                                                                               ;279,781;308,6
12105;Ricla-La Almunia - VIA;EN-200100-297,345;200100;RICLA-ALMUNIA-ZARAGOZA DELICIAS, II;297,345;;200;2 ;MADRID-CHAMARTIN-CLARA CAMPOAMOR-BARNA-EST. DE FRANÇA;Sencilla;En Servicio/Mantenible;EN-54;;;;;;SKL-12-54.. EN-II-297.345.;;RICLA-ALMUNIA-ZARAGOZA DELICIAS, II->EN-200100-297,345;100007264;Tipo Encarriladora - Larga Elástica;100462513;022000210;RICLA-LA ALMUNIA-CAMB-AG.KM.308,6                                                                                               ;279,781;308,6
12105;Ricla-La Almunia - VIA;EN-200100-315,217;200100;RICLA-ALMUNIA-ZARAGOZA DELICIAS, II;315,217;;200;2 ;MADRID-CHAMARTIN-CLARA CAMPOAMOR-BARNA-EST. DE FRANÇA;Sencilla;En Servicio/Mantenible;EN-54;;;;;;SKL-12-54.. EN-II-315.217.;;RICLA-ALMUNIA-ZARAGOZA DELICIAS, II->EN-200100-315,217;100007264;Tipo Encarriladora - Larga Elástica;100462522;022000230;GRISEN-CASETAS                                                                                                                  ;314,643;327,643
12105;Ricla-La Almunia - VIA;EN-200100-315,253;200100;RICLA-ALMUNIA-ZARAGOZA DELICIAS, II;315,253;;200;2 ;MADRID-CHAMARTIN-CLARA CAMPOAMOR-BARNA-EST. DE FRANÇA;Sencilla;En Servicio/Mantenible;EN-54;;;;;;SKL-12-54.. EN-II-315.253.;;RICLA-ALMUNIA-ZARAGOZA DELICIAS, II->EN-200100-315,253;100007264;Tipo Encarriladora - Larga Elástica;100462523;022000230;GRISEN-CASETAS                                                                                                                  ;314,643;327,643
12105;Ricla-La Almunia - VIA;EN-200100-318,638;200100;RICLA-ALMUNIA-ZARAGOZA DELICIAS, II;318,638;;200;2 ;MADRID-CHAMARTIN-CLARA CAMPOAMOR-BARNA-EST. DE FRANÇA;Sencilla;En Servicio/Mantenible;EN-54;;;;;;SKL-12-54.. EN-II-318.638.;;RICLA-ALMUNIA-ZARAGOZA DELICIAS, II->EN-200100-318,638;100007264;Tipo Encarriladora - Larga Elástica;100462521;022000230;GRISEN-CASETAS                                                                                                                  ;314,643;327,643
12105;Ricla-La Almunia - VIA;EN-200100-318,671;200100;RICLA-ALMUNIA-ZARAGOZA DELICIAS, II;318,671;;200;2 ;MADRID-CHAMARTIN-CLARA CAMPOAMOR-BARNA-EST. DE FRANÇA;Sencilla;En Servicio/Mantenible;EN-54;;;;;;SKL-12-54.. EN-II-318.571.;;RICLA-ALMUNIA-ZARAGOZA DELICIAS, II->EN-200100-318,671;100007264;Tipo Encarriladora - Larga Elástica;100462524;022000230;GRISEN-CASETAS                                                                                                                  ;314,643;327,643
14119;Granollers Centre- VIA;EN-200131-119,409;200131;BIF. AIGUES-POR BOU-CERBERE,II;119,409;;270;2 ;CERBERE - BIF. ARAGO;Sencilla;En Servicio/Mantenible;EN-54;;;;;;EN-2-119.409;;BIF. AIGUES-POR BOU-CERBERE,II->EN-200131-119,409;123792;;967309;022700030;MONTCADA I REIXAC-LA LLAGOSTA                                                                                                   ;118,931;122,046
14120;Girona - VIA;EN-200131-206,705;200131;BIF. AIGUES-POR BOU-CERBERE,II;206,705;;270;2 ;CERBERE - BIF. ARAGO;Sencilla;En Servicio/Mantenible;EN-54;;;;;;EN-2-206,705;;BIF. AIGUES-POR BOU-CERBERE,II->EN-200131-206,705;123792;;967292;022700130;GIRONA-VILAMALLA                                                                                                                ;205,572;241,627
14120;Girona - VIA;EN-200131-206,783;200131;BIF. AIGUES-POR BOU-CERBERE,II;206,783;;270;2 ;CERBERE - BIF. ARAGO;Sencilla;En Servicio/Mantenible;EN-54;;;;;;EN-2-206,783;;BIF. AIGUES-POR BOU-CERBERE,II->EN-200131-206,783;123792;;967294;022700130;GIRONA-VILAMALLA                                                                                                                ;205,572;241,627
14120;Girona - VIA;EN-200131-222,965;200131;BIF. AIGUES-POR BOU-CERBERE,II;222,965;;270;2 ;CERBERE - BIF. ARAGO;Sencilla;En Servicio/Mantenible;EN-54;;;;;;EN-2-222,965;;BIF. AIGUES-POR BOU-CERBERE,II->EN-200131-222,965;123792;;967281;022700130;GIRONA-VILAMALLA                                                                                                                ;205,572;241,627
14120;Girona - VIA;EN-200131-223,269;200131;BIF. AIGUES-POR BOU-CERBERE,II;223,269;;270;2 ;CERBERE - BIF. ARAGO;Sencilla;En Servicio/Mantenible;EN-54;;;;;;EN-2-223,269;;BIF. AIGUES-POR BOU-CERBERE,II->EN-200131-223,269;123792;;967283;022700130;GIRONA-VILAMALLA                                                                                                                ;205,572;241,627
14121;Port Bou;EN-200131-235,997;200131;BIF. AIGUES-POR BOU-CERBERE,II;235,997;;270;2 ;CERBERE - BIF. ARAGO;Sencilla;En Servicio/Mantenible;EN-54;;;;;;EN-2-235.997;;BIF. AIGUES-POR BOU-CERBERE,II->EN-200131-235,997;123792;;967182;022700130;GIRONA-VILAMALLA                                                                                                                ;205,572;241,627
14121;Port Bou;EN-200131-251,462;200131;BIF. AIGUES-POR BOU-CERBERE,II;251,462;;270;2 ;CERBERE - BIF. ARAGO;Sencilla;En Servicio/Mantenible;EN-54;;;;;;EN-2-251,462;;BIF. AIGUES-POR BOU-CERBERE,II->EN-200131-251,462;123792;;967222;022700150;FIGUERES-PORTBOU                                                                                                                ;247,07;273,716
14121;Port Bou;EN-200131-251,562;200131;BIF. AIGUES-POR BOU-CERBERE,II;251,562;;270;2 ;CERBERE - BIF. ARAGO;Sencilla;En Servicio/Mantenible;EN-54;;;;;;EN-2-251,562;;BIF. AIGUES-POR BOU-CERBERE,II->EN-200131-251,562;123792;;967223;022700150;FIGUERES-PORTBOU                                                                                                                ;247,07;273,716
14121;Port Bou;EN-200131-257,145;200131;BIF. AIGUES-POR BOU-CERBERE,II;257,145;;270;2 ;CERBERE - BIF. ARAGO;Sencilla;En Servicio/Mantenible;EN-54;;;;;;EN-2-257,145;;BIF. AIGUES-POR BOU-CERBERE,II->EN-200131-257,145;123792;;967259;022700150;FIGUERES-PORTBOU                                                                                                                ;247,07;273,716
14121;Port Bou;EN-200131-257,161;200131;BIF. AIGUES-POR BOU-CERBERE,II;257,161;;270;2 ;CERBERE - BIF. ARAGO;Sencilla;En Servicio/Mantenible;EN-54;;;;;;EN-2-257,161;;BIF. AIGUES-POR BOU-CERBERE,II->EN-200131-257,161;123792;;967260;022700150;FIGUERES-PORTBOU                                                                                                                ;247,07;273,716
14121;Port Bou;EN-200131-263,465;200131;BIF. AIGUES-POR BOU-CERBERE,II;263,465;;270;2 ;CERBERE - BIF. ARAGO;Sencilla;En Servicio/Mantenible;EN-54;;;;;;EN-2-263,465;27/04/2014;BIF. AIGUES-POR BOU-CERBERE,II->EN-200131-263,465;123792;;967266;022700150;FIGUERES-PORTBOU                                                                                                                ;247,07;273,716
14121;Port Bou;EN-200131-263,535;200131;BIF. AIGUES-POR BOU-CERBERE,II;263,535;;270;2 ;CERBERE - BIF. ARAGO;Sencilla;En Servicio/Mantenible;EN-54;;;;;;EN-2-263,535;;BIF. AIGUES-POR BOU-CERBERE,II->EN-200131-263,535;123792;;967268;022700150;FIGUERES-PORTBOU                                                                                                                ;247,07;273,716
14121;Port Bou;EN-200131-264,076;200131;BIF. AIGUES-POR BOU-CERBERE,II;264,076;;270;2 ;CERBERE - BIF. ARAGO;Sencilla;En Servicio/Mantenible;EN-54;;;;;;EN-2-264.076;;BIF. AIGUES-POR BOU-CERBERE,II->EN-200131-264,076;123792;;967184;022700150;FIGUERES-PORTBOU                                                                                                                ;247,07;273,716
14121;Port Bou;EN-200131-264,431;200131;BIF. AIGUES-POR BOU-CERBERE,II;264,431;;270;2 ;CERBERE - BIF. ARAGO;Sencilla;En Servicio/Mantenible;EN-54;;;;;;EN-2-264.431;;BIF. AIGUES-POR BOU-CERBERE,II->EN-200131-264,431;123792;Tipo Encarriladora - Corta de Tirafondos;100462637;022700150;FIGUERES-PORTBOU                                                                                                                ;247,07;273,716
13111;Tarragona - VIA;EN-300049-274,134;300049;PORT AVENTURA - TARRAGONA, I (ANCHO IBÉRICO);274,134;;630;2 ;PORT AVENTURA - TARRAGONA;Sencilla;En Servicio/Mantenible;EN-54;;Encarriladora 274.134 Tarragona;;;;EN-U-274.134;;CASTELLÓN DE LA PLANA-L'ATMELLÁ DE MAR, I (ANCHO IBÉRICO)->EN-300049-274,134;100007351;;968934;026300030;TARRAGONA PORT - TARRAGONA                                                                                                      ;273,875;276,195
13111;Tarragona - VIA;EN-300049-274,262;300049;PORT AVENTURA - TARRAGONA, I (ANCHO IBÉRICO);274,262;;630;2 ;PORT AVENTURA - TARRAGONA;Sencilla;En Servicio/Mantenible;EN-54;;Encarriladora 274.262 Tarragona;;;;EN-U-274.262;;CASTELLÓN DE LA PLANA-L'ATMELLÁ DE MAR, I (ANCHO IBÉRICO)->EN-300049-274,262;100007351;;968933;026300030;TARRAGONA PORT - TARRAGONA                                                                                                      ;273,875;276,195
